Date,Miles
2015-08-06,0.336378822
2015-08-07,3.371574673
2015-08-08,2.668756596
2015-08-09,3.597092214
2015-08-10,3.382832132
2015-08-11,1.034781511
2015-08-12,3.190542881
2015-08-13,1.134624024
2015-08-14,3.745009838
2015-08-15,5.492678188
2015-08-16,2.982364431
2015-08-17,2.467662893
2015-08-18,2.216058404
2015-08-19,2.086632448
2015-08-20,3.946844581
2015-08-21,3.41423596
2015-08-22,4.68273461
2015-08-23,2.34579397
2015-08-24,4.757417048
2015-08-25,0.959459088
2015-08-26,5.930633832
2015-08-27,3.174914789
2015-08-28,4.335692524
2015-08-29,1.668884094
2015-08-30,2.02498687
2015-08-31,2.695715225
2015-09-01,2.538842404
2015-09-02,2.481625947
2015-09-03,6.999255471
2015-09-04,6.426039676
2015-09-05,9.334543162000001
2015-09-06,6.18798858
2015-09-07,4.4279406230000005
2015-09-08,7.417282651
2015-09-09,3.671241847
2015-09-10,6.372564272
2015-09-11,4.171643234
2015-09-12,7.858975869
2015-09-13,3.242442808
2015-09-14,4.698695717
2015-09-15,5.9255125920000005
2015-09-16,5.925480574
2015-09-17,6.110906193
2015-09-18,4.442542284
2015-09-19,4.341403337
2015-09-20,4.511489803
2015-09-21,4.414699386
2015-09-22,5.535478849
2015-09-23,3.576128584
2015-09-24,5.532203246
2015-09-25,4.663892603
2015-09-26,6.020247617
2015-09-27,3.765614146
2015-09-28,4.633702595
2015-09-29,4.285492048
2015-09-30,4.409133594
2015-10-01,7.165496432
2015-10-02,4.101703119
2015-10-03,2.391055666
2015-10-04,2.287106778
2015-10-05,5.189477308
2015-10-06,5.807765326
2015-10-07,4.944767974
2015-10-08,6.4522752279999995
2015-10-09,5.146483461
2015-10-10,6.72897306
2015-10-11,6.163236021
2015-10-12,4.47002617
2015-10-13,4.901672713
2015-10-14,4.498964111
2015-10-15,6.058935528
2015-10-16,6.959723814
2015-10-17,7.510653635
2015-10-18,3.665531371
2015-10-19,2.707668629
2015-10-20,2.610400655
2015-10-21,6.7548474579999995
2015-10-22,5.258739263
2015-10-23,5.734311209
2015-10-24,5.919610152
2015-10-25,4.232687254
2015-10-26,3.894928278
2015-10-27,4.544497469
2015-10-28,4.30145368
2015-10-29,3.9971002419999997
2015-10-30,2.818930649
2015-10-31,2.351120145
2015-11-01,3.131977637
2015-11-02,3.03082584
2015-11-03,5.671869868
2015-11-04,4.550791744
2015-11-05,7.416407137
2015-11-06,2.374514422
2015-11-07,2.210303909
2015-11-08,1.442942491
2015-11-09,3.752721234
2015-11-10,4.742789409
2015-11-11,4.609123469
2015-11-12,3.965907052
2015-11-13,3.0155585
2015-11-14,2.177532517
2015-11-15,2.968712981
2015-11-16,3.994212001
2015-11-17,4.508670239
2015-11-18,5.259273345
2015-11-19,4.072573618
2015-11-20,2.160923411
2015-11-21,2.384040783
2015-11-22,2.767308768
2015-11-23,4.49337138
2015-11-24,4.01589236
2015-11-25,3.359100283
2015-11-26,1.543243431
2015-11-27,0.938325932
2015-11-28,4.368175092
2015-11-29,2.1861577899999998
2015-11-30,3.959761205
2015-12-01,3.981621597
2015-12-02,4.232401272
2015-12-03,4.060437483
2015-12-04,1.559337432
2015-12-05,3.335694379
2015-12-06,1.446390488
2015-12-07,2.614735883
2015-12-08,4.025901006
2015-12-09,4.848527891
2015-12-10,5.092583472
2015-12-11,3.831318192
2015-12-12,4.082875142
2015-12-13,1.296590768
2015-12-14,4.092175847
2015-12-15,2.789726644
2015-12-16,1.920944963
2015-12-17,3.034576399
2015-12-18,2.161339891
2015-12-19,1.426468902
2015-12-20,1.9996412399999999
2015-12-21,2.357127661
2015-12-22,1.759853709
2015-12-23,1.47721704
2015-12-24,3.310424366
2015-12-25,1.341224072
2015-12-26,3.751243065
2015-12-27,1.115001248
2015-12-28,4.377263675
2015-12-29,1.332760739
2015-12-30,2.629190335
2015-12-31,2.800438281
2016-01-01,1.230682097
2016-01-02,1.467064124
2016-01-03,1.603218754
2016-01-04,1.631042633
2016-01-05,6.303403014
2016-01-06,3.947452661
2016-01-07,2.836787676
2016-01-08,3.582267556
2016-01-09,0.842069814
2016-01-10,0.675791386
2016-01-11,4.382810468
2016-01-12,4.634277994
2016-01-13,4.3040024599999995
2016-01-14,4.316176682
2016-01-15,3.628776417
2016-01-16,5.822711621
2016-01-17,1.7653468700000001
2016-01-18,2.6105604589999998
2016-01-19,4.604353549
2016-01-20,4.92607029
2016-01-21,4.8636641329999994
2016-01-22,3.223517826
2016-01-23,3.01783904
2016-01-24,1.83557993
2016-01-25,4.217515876
2016-01-26,5.156181027
2016-01-27,3.408449737
2016-01-28,4.146820511
2016-01-29,2.905842331
2016-01-30,2.042955947
2016-01-31,3.5395238840000003
2016-02-01,4.092685291
2016-02-02,3.408886335
2016-02-03,3.477230259
2016-02-04,4.475769394
2016-02-05,4.406547854
2016-02-06,0.632698104
2016-02-07,1.9118399799999999
2016-02-08,3.386031101
2016-02-09,4.857358379
2016-02-10,3.963255771
2016-02-11,3.831387666
2016-02-12,3.072556785
2016-02-13,2.308101203
2016-02-14,1.235062742
2016-02-15,3.9162047110000002
2016-02-16,3.722559552
2016-02-17,3.527171624
2016-02-18,4.139250997
2016-02-19,4.190806235
2016-02-20,1.624848905
2016-02-21,2.185001234
2016-02-22,4.62126783
2016-02-23,4.468129013
2016-02-24,3.3392288530000003
2016-02-25,3.480550514
2016-02-26,4.173800304
2016-02-27,3.364165709
2016-02-28,4.003363684
2016-02-29,3.3837084649999998
2016-03-01,4.074058285
2016-03-02,8.966212173
2016-03-03,9.871474119
2016-03-04,3.31731429
2016-03-05,5.498530304
2016-03-06,5.813176504
2016-03-07,3.153160906
2016-03-08,4.806927836
2016-03-09,4.690542902
2016-03-10,2.9561789960000002
2016-03-11,3.884241644
2016-03-12,8.012984914
2016-03-13,4.365241552
2016-03-14,4.767203553
2016-03-15,5.907991715
2016-03-16,3.5051244329999998
2016-03-17,3.69559849
2016-03-18,4.130633586
2016-03-19,3.930743945
2016-03-20,4.078424732
2016-03-21,3.897536158
2016-03-22,3.971880248
2016-03-23,4.919425963
2016-03-24,3.3030590429999998
2016-03-25,3.690162834
2016-03-26,1.201396407
2016-03-27,4.949055762
2016-03-28,5.743209382
2016-03-29,4.598809849
2016-03-30,3.995263266
2016-03-31,3.993315103
2016-04-01,6.494222373
2016-04-02,2.281097125
2016-04-03,2.731062469
2016-04-04,5.061227481
2016-04-05,4.472089596
2016-04-06,4.295886115
2016-04-07,2.995856205
2016-04-08,3.726195485
2016-04-09,4.240971872
2016-04-10,3.2124765220000002
2016-04-11,4.45404523
2016-04-12,5.420480797
2016-04-13,5.098454516
2016-04-14,5.905891315
2016-04-15,3.626646856
2016-04-16,2.236650744
2016-04-17,4.658730749
2016-04-18,4.322798267
2016-04-19,3.754512937
2016-04-20,2.688004061
2016-04-21,3.768983501
2016-04-22,1.9588844129999998
2016-04-23,3.951908894
2016-04-24,2.182517217
2016-04-25,3.530146665
2016-04-26,4.463431192
2016-04-27,1.993650309
2016-04-28,2.174793009
2016-04-29,4.901178379
2016-04-30,3.959816856
2016-05-01,3.8509782820000003
2016-05-02,4.899996124
2016-05-03,1.803157627
2016-05-04,2.680538345
2016-05-05,1.635646986
2016-05-06,2.547111231
2016-05-07,1.067441497
2016-05-08,1.273362581
2016-05-09,0.445529405
2016-05-10,3.282089505
2016-05-11,2.853473294
2016-05-12,2.680731853
2016-05-13,2.623187079
2016-05-14,1.25911478
2016-05-15,1.3819664249999999
2016-05-16,1.7768913800000001
2016-05-17,8.083783545
2016-05-18,4.062058655
2016-05-19,4.948911768
2016-05-20,10.005108891999999
2016-05-21,10.020063141
2016-05-22,4.502219799
2016-05-23,4.601968728
2016-05-24,1.8279811990000001
2016-05-25,2.9642956540000003
2016-05-26,4.332807339
2016-05-27,4.220905644
2016-05-28,0.76436735
2016-05-29,1.57027899
2016-05-30,2.440732397
2016-05-31,3.289316613
2016-06-01,2.15069528
2016-06-02,0.0
2016-06-03,1.24171128
2016-06-04,6.043861446
2016-06-05,2.029720956
2016-06-06,2.545565027
2016-06-07,2.181187807
2016-06-08,2.1039993569999997
2016-06-09,1.658738137
2016-06-10,0.6241054070000001
2016-06-11,0.345283535
2016-06-12,1.128807735
2016-06-13,0.878960436
2016-06-14,1.689353215
2016-06-15,3.793360457
2016-06-16,4.048133766
2016-06-17,5.127021832
2016-06-18,3.798213756
2016-06-19,4.486595808
2016-06-20,2.224888493
2016-06-21,1.99953004
2016-06-22,3.6712169709999998
2016-06-23,1.537936886
2016-06-24,2.116073377
2016-06-25,1.4179068449999999
2016-06-26,3.786381308
2016-06-27,3.825768914
2016-06-28,3.396048044
2016-06-29,1.810116711
2016-06-30,2.146744415
2016-07-01,2.028442186
2016-07-02,4.358632618
2016-07-03,7.005196045
2016-07-04,8.579788164
2016-07-05,2.126618135
2016-07-06,2.668193274
2016-07-07,3.87940003
2016-07-08,3.149040603
2016-07-09,4.376491435
2016-07-10,2.077617129
2016-07-11,2.829805054
2016-07-12,3.241829549
2016-07-13,2.810647013
2016-07-14,3.771979181
2016-07-15,3.382153386
2016-07-16,4.348820797
2016-07-17,7.228423811
2016-07-18,3.6231730779999998
2016-07-19,2.875414647
2016-07-20,2.532503825
2016-07-21,3.580128468
2016-07-22,3.140306022
2016-07-23,3.931422568
2016-07-24,3.488290665
2016-07-25,3.0111978710000002
2016-07-26,2.131626245
2016-07-27,2.95882662
2016-07-28,3.311840518
2016-07-29,3.765099114
2016-07-30,0.659020173
2016-07-31,1.9930410969999999
2016-08-01,3.6836685559999998
2016-08-02,1.887446808
2016-08-03,3.687646321
2016-08-04,2.706530121
2016-08-05,3.075141736
2016-08-06,4.548500203
2016-08-07,1.750943321
2016-08-08,2.284060997
2016-08-09,2.937817061
2016-08-10,2.202852744
2016-08-11,3.767945326
2016-08-12,3.250298714
2016-08-13,14.485727181
2016-08-14,5.025040523
2016-08-15,2.709918535
2016-08-16,2.9273059249999998
2016-08-17,4.420471431
2016-08-18,0.951232388
2016-08-19,2.208950047
2016-08-20,7.174042646
2016-08-21,4.259742098
2016-08-22,2.635782965
2016-08-23,3.243813096
2016-08-24,2.362669778
2016-08-25,8.503997531
2016-08-26,4.120133422
2016-08-27,1.3689117050000001
2016-08-28,2.8545974960000002
2016-08-29,6.461534133
2016-08-30,2.34557715
2016-08-31,4.241473547
2016-09-01,8.249109329
2016-09-02,4.783178614
2016-09-03,7.186735193
2016-09-04,5.298483275
2016-09-05,1.9990320719999999
2016-09-06,3.847810291
2016-09-07,5.94352207
2016-09-08,6.673266809
2016-09-09,7.214654182
2016-09-10,4.934091732
2016-09-11,3.4758830019999998
2016-09-12,5.860268991
2016-09-13,5.942025344
2016-09-14,5.039115333
2016-09-15,5.517396294
2016-09-16,3.534652678
2016-09-17,7.821684666
2016-09-18,3.412370266
2016-09-19,6.249675901
2016-09-20,4.141886875
2016-09-21,7.148209649
2016-09-22,7.229542644
2016-09-23,4.202259587
2016-09-24,5.636798981
2016-09-25,10.39898915
2016-09-26,5.1059383259999995
2016-09-27,5.067716081
2016-09-28,5.199455771
2016-09-29,5.877383452
2016-09-30,6.869367056
2016-10-01,5.01396896
2016-10-02,2.695903449
2016-10-03,5.329312808
2016-10-04,4.054623148
2016-10-05,6.169999884
2016-10-06,7.068272456
2016-10-07,5.043071958
2016-10-08,2.581734602
2016-10-09,2.635053804
2016-10-10,3.7598127199999998
2016-10-11,6.525742715
2016-10-12,4.0745457
2016-10-13,5.174679588
2016-10-14,4.946145751
2016-10-15,1.657401552
2016-10-16,1.858707929
2016-10-17,2.6296615880000003
2016-10-18,3.674011917
2016-10-19,3.734130224
2016-10-20,7.761795954
2016-10-21,6.266560047
2016-10-22,7.604381945
2016-10-23,3.085022203
2016-10-24,4.47324577
2016-10-25,4.643425401
2016-10-26,4.605506162
2016-10-27,5.012868246
2016-10-28,2.764046748
2016-10-29,1.897761781
2016-10-30,5.206481797
2016-10-31,4.500680905
2016-11-01,4.271628206
2016-11-02,3.632130981
2016-11-03,8.070412151
2016-11-04,5.554859771
2016-11-05,5.3316312230000005
2016-11-06,3.950249516
2016-11-07,4.135767635
2016-11-08,4.031144044
2016-11-09,4.722862695
2016-11-10,4.646382661
2016-11-11,4.893797992
2016-11-12,3.8147965790000002
2016-11-13,4.494981164
2016-11-14,4.26828033
2016-11-15,4.42794276
2016-11-16,3.143827445
2016-11-17,4.967222128
2016-11-18,3.581262775
2016-11-19,6.594439106
2016-11-20,2.387699189
2016-11-21,4.801092604
2016-11-22,3.705950585
2016-11-23,3.596528248
2016-11-24,1.620797507
2016-11-25,3.764527198
2016-11-26,1.680666351
2016-11-27,5.815128674
2016-11-28,3.706683866
2016-11-29,6.069037134
2016-11-30,4.852131158
2016-12-01,6.108788584
2016-12-02,2.546365783
2016-12-03,3.103040938
2016-12-04,2.564261725
2016-12-05,5.123443008
2016-12-06,3.360667083
2016-12-07,4.498734379
2016-12-08,4.094613248
2016-12-09,2.544272885
2016-12-10,3.225270364
2016-12-11,3.576774024
2016-12-12,3.82150108
2016-12-13,2.730081229
2016-12-14,2.365367339
2016-12-15,2.472099294
2016-12-16,4.856991682
2016-12-17,2.769079548
2016-12-18,2.413007352
2016-12-19,3.046917349
2016-12-20,2.0852282730000002
2016-12-21,4.629364464
2016-12-22,3.983026792
2016-12-23,3.732800092
2016-12-24,3.968872172
2016-12-25,2.121019441
2016-12-26,1.986783346
2016-12-27,1.217011769
2016-12-28,0.494574686
2016-12-29,1.848186636
2016-12-30,3.078658976
2016-12-31,2.074068365
2017-01-01,1.625084661
2017-01-02,2.9637984729999998
2017-01-03,1.709147538
2017-01-04,2.05437305
2017-01-05,4.29831672
2017-01-06,2.92712767
2017-01-07,1.54385968
2017-01-08,3.30239479
2017-01-09,2.9303683
2017-01-10,2.39189406
2017-01-11,3.92439956
2017-01-12,4.555420438
2017-01-13,4.949536924
2017-01-14,2.448210027
2017-01-15,2.095377757
2017-01-16,6.51493286
2017-01-17,3.08071984
2017-01-18,3.25908445
2017-01-19,4.3301592
2017-01-20,3.61023271
2017-01-21,2.945388001
2017-01-22,1.58309226
2017-01-23,3.44560877
2017-01-24,4.738243485
2017-01-25,4.89916332
2017-01-26,3.28430209
2017-01-27,5.071957639
2017-01-28,5.863043855
2017-01-29,1.871978864
2017-01-30,3.67901999
2017-01-31,3.51712143
2017-02-01,3.50219699
2017-02-02,4.17394193
2017-02-03,2.71151383
2017-02-04,2.84924159
2017-02-05,1.61875387
2017-02-06,2.6584831600000003
2017-02-07,3.00257806
2017-02-08,2.75490452
2017-02-09,2.68682083
2017-02-10,4.64689625
2017-02-11,5.7979356334
2017-02-12,2.56183382
2017-02-13,3.45998224
2017-02-14,3.5850828100000003
2017-02-15,4.37964032
2017-02-16,3.09292582
2017-02-17,4.07262345
2017-02-18,7.4356242450000005
2017-02-19,2.7680770580000003
2017-02-20,3.30580829
2017-02-21,2.82374048
2017-02-22,2.033114427
2017-02-23,2.900286162
2017-02-24,3.6626809
2017-02-25,5.17071062
2017-02-26,1.16737052
2017-02-27,1.25237631
2017-02-28,1.12684444
2017-03-01,1.270307068
2017-03-02,1.17371021
2017-03-03,2.991650587
2017-03-04,1.33208998
2017-03-05,1.94204893
2017-03-06,3.69714538
2017-03-07,3.877760026
2017-03-08,4.529856725
2017-03-09,3.7374092279999998
2017-03-10,3.8584958
2017-03-11,2.26616692
2017-03-12,3.1237742699999997
2017-03-13,3.335245586
2017-03-14,3.20811521
2017-03-15,3.02820956
2017-03-16,2.6220252571000002
2017-03-17,2.79258075
2017-03-18,1.69239798
2017-03-19,0.87196418
2017-03-20,2.98946444
2017-03-21,2.53821421
2017-03-22,4.43609819
2017-03-23,2.687068572
2017-03-24,5.04836881
2017-03-25,2.798393926
2017-03-26,2.44152325
2017-03-27,3.08383708
2017-03-28,4.16874516
2017-03-29,4.48339499
2017-03-30,3.5501847140000002
2017-03-31,5.20669838
2017-04-01,4.29820786
2017-04-02,2.77136604
2017-04-03,4.33516245
2017-04-04,4.689868682
2017-04-05,2.64897231
2017-04-06,2.99139784
2017-04-07,2.23000868
2017-04-08,2.85331914
2017-04-09,4.115037621
2017-04-10,3.842137188
2017-04-11,3.8537675300000003
2017-04-12,4.25926635
2017-04-13,4.0457244789999995
2017-04-14,5.57253999
2017-04-15,5.4637965771
2017-04-16,2.72757904
2017-04-17,3.495194259
2017-04-18,3.85407367
2017-04-19,2.58253078
2017-04-20,2.71229339
2017-04-21,2.40711792
2017-04-22,2.745293157
2017-04-23,1.675272839
2017-04-24,5.5931044
2017-04-25,6.22990491
2017-04-26,2.89822417
2017-04-27,5.21954516
2017-04-28,2.580114392
2017-04-29,3.88623404
2017-04-30,3.77545349
2017-05-01,2.46291957
2017-05-02,0.763854252
2017-05-03,1.53515212
2017-05-04,2.60686152
2017-05-05,2.59995805
2017-05-06,0.48098957
2017-05-07,0.0
2017-05-08,1.030499824
2017-05-09,1.330590627
2017-05-10,6.701211788
2017-05-11,3.766322104
2017-05-12,1.999108459
2017-05-13,2.468721981
2017-05-14,3.400629517
2017-05-15,2.804530042
2017-05-16,1.842175278
2017-05-17,9.56023331
2017-05-18,6.1784632623
2017-05-19,9.09130178
2017-05-20,1.98198604
2017-05-21,1.2807806099999999
2017-05-22,0.60958433
2017-05-23,2.994398077
2017-05-24,0.5464912
2017-05-25,1.63021238
2017-05-26,0.46226024
2017-05-27,2.246820203
2017-05-28,0.710494835
2017-05-29,1.4252997889999999
2017-05-30,6.95975055
2017-05-31,1.85136011
2017-06-01,3.26896242
2017-06-02,5.72727288
2017-06-03,9.15639556
2017-06-04,1.02921426
2017-06-05,3.38243451
2017-06-06,7.17498669
2017-06-07,3.0768590220000003
2017-06-08,5.631915936
2017-06-09,6.18191391
2017-06-10,5.647006351
2017-06-11,9.165265086
2017-06-12,5.96120074
2017-06-13,4.34731694
2017-06-14,3.3476361
2017-06-15,1.0236850100000001
2017-06-16,4.45151215
2017-06-17,11.362560177
2017-06-18,5.33665186
2017-06-19,3.5210493
2017-06-20,2.6639257
2017-06-21,4.691952348
2017-06-22,2.02960345
2017-06-23,3.77281569
2017-06-24,6.2971652
2017-06-25,3.24119427
2017-06-26,1.15421536
2017-06-27,4.100470639
2017-06-28,2.896659047
2017-06-29,3.56126149
2017-06-30,4.149639187
2017-07-01,16.639358847
2017-07-02,11.46001394
2017-07-03,5.07243432
2017-07-04,2.198105857
2017-07-05,2.80218551
2017-07-06,4.11917856
2017-07-07,7.92178245
2017-07-08,3.54374522
2017-07-09,7.85024695
2017-07-10,1.98388881
2017-07-11,2.73836169
2017-07-12,3.65678542
2017-07-13,4.206855205
2017-07-14,3.89923738
2017-07-15,19.00475346
2017-07-16,2.596295987
2017-07-17,1.67857564
2017-07-18,2.92551171
2017-07-19,5.405575789
2017-07-20,2.99251173
2017-07-21,4.67310981
2017-07-22,6.368780647
2017-07-23,4.04338878
2017-07-24,5.0062732
2017-07-25,1.90908653
2017-07-26,3.86940661
2017-07-27,3.342051419
2017-07-28,4.08692068
2017-07-29,11.765658546000001
2017-07-30,5.0150408
2017-07-31,2.0606354123
2017-08-01,3.321308121
2017-08-02,1.9868860194
2017-08-03,4.15296365
2017-08-04,3.2129944547
2017-08-05,1.9147320589999999
2017-08-06,5.43777147
2017-08-07,4.711207676
2017-08-08,3.70759039
2017-08-09,6.100052981
2017-08-10,3.3394989699999997
2017-08-11,3.43123808
2017-08-12,5.63534479
2017-08-13,4.71405242
2017-08-14,2.995800784
2017-08-15,2.797641019
2017-08-16,0.8488857399999999
2017-08-17,1.21739856
2017-08-18,1.34089313
2017-08-19,1.30256867
2017-08-20,1.49525636
2017-08-21,0.249458094
2017-08-22,3.11128924
2017-08-23,2.65911388
2017-08-24,1.85896683
2017-08-25,3.01464128
2017-08-26,3.40435277
2017-08-27,4.990934586
2017-08-28,1.56766676
2017-08-29,0.33138969
2017-08-30,4.8778170020000005
2017-08-31,5.62701223
2017-09-01,6.029174114
2017-09-02,2.31696138
2017-09-03,4.84047866
2017-09-04,5.789641804
2017-09-05,3.77390305
2017-09-06,3.01206328
2017-09-07,5.15732936
2017-09-08,4.316015827
2017-09-09,5.04653634
2017-09-10,2.8383781
2017-09-11,4.01812228
2017-09-12,4.86441153
2017-09-13,4.24607212
2017-09-14,3.611778642
2017-09-15,3.40107696
2017-09-16,5.14373715
2017-09-17,3.45197434
2017-09-18,3.89703073
2017-09-19,3.85318604
2017-09-20,5.69428556
2017-09-21,4.475949518
2017-09-22,3.04034234
2017-09-23,2.11435474
2017-09-24,4.09077356
2017-09-25,4.9024531
2017-09-26,4.10980159
2017-09-27,3.65271376
2017-09-28,4.683720577
2017-09-29,1.993827836
2017-09-30,6.87605688
2017-10-01,2.5023417550000002
2017-10-02,3.340755429
2017-10-03,4.8415932999999995
2017-10-04,4.973790066
2017-10-05,4.06137147
2017-10-06,3.446397055
2017-10-07,7.328966167
2017-10-08,2.108799827
2017-10-09,3.155678242
2017-10-10,4.8180375
2017-10-11,3.27301619
2017-10-12,4.464883501
2017-10-13,4.021542305
2017-10-14,6.18745628
2017-10-15,1.97605216
2017-10-16,0.8488584600000001
2017-10-17,2.68777364
2017-10-18,5.97330257
2017-10-19,3.5167806710000002
2017-10-20,7.40403863
2017-10-21,4.91093367
2017-10-22,2.74384826
2017-10-23,2.8178726800000002
2017-10-24,4.55029577
2017-10-25,4.3219970199999995
2017-10-26,4.99848542
2017-10-27,3.910064135
2017-10-28,6.095162395
2017-10-29,0.808371163
2017-10-30,4.3626152000000005
2017-10-31,4.652293228
2017-11-01,3.0083379
2017-11-02,2.5322974499999997
2017-11-03,7.04012035
2017-11-04,9.621715468
2017-11-05,5.18226561
2017-11-06,4.1783542
2017-11-07,4.44289235
2017-11-08,2.8686602783
2017-11-09,3.3289735
2017-11-10,2.383180741
2017-11-11,1.46029808
2017-11-12,1.736713919
2017-11-13,2.91630359
2017-11-14,3.5182070100000002
2017-11-15,3.04075079
2017-11-16,3.86242635
2017-11-17,1.942681174
2017-11-18,5.264575649
2017-11-19,0.57455031
2017-11-20,4.67887338
2017-11-21,4.9235279
2017-11-22,1.9063814879999998
2017-11-23,0.40623917
2017-11-24,1.28802064
2017-11-25,4.588935588
2017-11-26,3.82096578
2017-11-27,3.28756508
2017-11-28,3.21120865
2017-11-29,3.06118369
2017-11-30,2.770354882
2017-12-01,5.26245337
2017-12-02,4.11740405
2017-12-03,4.82720507
2017-12-04,2.93790319
2017-12-05,3.72357221
2017-12-06,2.79259427
2017-12-07,4.08763286
2017-12-08,5.68232986
2017-12-09,2.39967417
2017-12-10,2.98233706
2017-12-11,3.51662058
2017-12-12,3.6552497600000002
2017-12-13,3.44576916
2017-12-14,3.12791353
2017-12-15,2.6531228500000004
2017-12-16,3.40543973
2017-12-17,3.95531918
2017-12-18,2.84147878
2017-12-19,3.67074795
2017-12-20,4.2251046599999995
2017-12-21,3.07508831
2017-12-22,1.76016854
2017-12-23,2.33834975
2017-12-24,1.14692623
2017-12-25,1.25285024
2017-12-26,1.6619942669999999
2017-12-27,0.921569281
2017-12-28,2.518083481
2017-12-29,2.28724559
2017-12-30,1.0261932
2017-12-31,3.052707049
2018-01-01,1.8842555
2018-01-02,4.9785661
2018-01-03,2.2300459000000004
2018-01-04,3.293047501
2018-01-05,2.85052637
2018-01-06,1.19636434
2018-01-07,3.512029969
2018-01-08,4.65054975
2018-01-09,4.39812372
2018-01-10,2.089536
2018-01-11,3.9443273999999997
2018-01-12,3.00511013
2018-01-13,1.62973575
2018-01-14,2.82364369
2018-01-15,2.124795699
2018-01-16,4.20301073
2018-01-17,4.76829181
2018-01-18,5.88881515
2018-01-19,2.69341166
2018-01-20,3.68281208
2018-01-21,1.984902628
2018-01-22,2.68670867
2018-01-23,3.6285865459999997
2018-01-24,1.99454209
2018-01-25,2.550582516
2018-01-26,2.844016501
2018-01-27,1.8111499199999999
2018-01-28,1.879902177
2018-01-29,1.90818741
2018-01-30,4.76643704
2018-01-31,3.260892027
2018-02-01,4.46491343
2018-02-02,5.82503019
2018-02-03,1.64832567
2018-02-04,2.881968242
2018-02-05,2.136270254
2018-02-06,4.38957707
2018-02-07,2.256578527
2018-02-08,3.5943785999999998
2018-02-09,1.41317944
2018-02-10,1.62923408
2018-02-11,1.19514848
2018-02-12,2.22665136
2018-02-13,4.460434403
2018-02-14,1.68795519
2018-02-15,3.8304125399999998
2018-02-16,1.8733692499999999
2018-02-17,4.05112425
2018-02-18,3.554141456
2018-02-19,3.50286241
2018-02-20,4.823763162
2018-02-21,2.76140819
2018-02-22,2.394800008
2018-02-23,3.66792907
2018-02-24,3.495319002
2018-02-25,2.38134158
2018-02-26,1.795998269
2018-02-27,1.1018132
2018-02-28,2.80646219
2018-03-01,0.05469404
2018-03-02,3.1841753500000003
2018-03-03,2.92267015
2018-03-04,2.6676629
2018-03-05,2.5478917500000002
2018-03-06,4.47416613
2018-03-07,3.0336952
2018-03-08,2.69189293
2018-03-09,1.84009397
2018-03-10,2.07320652
2018-03-11,2.27213391
2018-03-12,1.63198409
2018-03-13,4.62670128
2018-03-14,2.658658447
2018-03-15,4.085368877
2018-03-16,3.3349900194
2018-03-17,1.27153992
2018-03-18,2.62420398
2018-03-19,3.42127784
2018-03-20,3.989514519
2018-03-21,4.04731901
2018-03-22,4.37684656
2018-03-23,1.91958501
2018-03-24,1.72617181
2018-03-25,1.38725129
2018-03-26,2.1560783
2018-03-27,4.5934266
2018-03-28,3.76781732
2018-03-29,3.69703039
2018-03-30,3.03332643
2018-03-31,3.091694696
2018-04-01,2.68051904
2018-04-02,1.779266856
2018-04-03,3.7142473419999997
2018-04-04,3.147663117
2018-04-05,3.917554378
2018-04-06,3.91842252
2018-04-07,2.78697066
2018-04-08,1.81290805
2018-04-09,2.85418885
2018-04-10,4.62361354
2018-04-11,4.36424125
2018-04-12,3.2307120300000003
2018-04-13,3.129728866
2018-04-14,1.06004696
2018-04-15,2.5458479957
2018-04-16,4.07444601
2018-04-17,5.024962907
2018-04-18,3.2630613
2018-04-19,2.6045547
2018-04-20,2.935993587
2018-04-21,1.74715829
2018-04-22,0.95888772
2018-04-23,3.30029284
2018-04-24,2.67099847
2018-04-25,3.13322264
2018-04-26,3.378032675
2018-04-27,3.60510426
2018-04-28,3.81077463
2018-04-29,4.14346922
2018-04-30,3.73739087
2018-05-01,1.23031473
2018-05-02,0.86683625
2018-05-03,7.84600741
2018-05-04,9.17106605
2018-05-05,8.95974419
2018-05-06,10.19821892
2018-05-07,3.05967741
2018-05-08,4.54493601
2018-05-09,3.79843249
2018-05-10,6.65832122
2018-05-11,2.09436658
2018-05-12,3.1150415846999997
2018-05-13,0.751051108
2018-05-14,4.46673173
2018-05-15,3.9349286500000002
2018-05-16,3.01312142
2018-05-17,4.597662972
2018-05-18,2.575190297
2018-05-19,2.82639258
2018-05-20,2.9649011
2018-05-21,4.5682519
2018-05-22,3.38498263
2018-05-23,4.17726571
2018-05-24,3.7570702000000002
2018-05-25,6.971568947
2018-05-26,2.22529781
2018-05-27,3.21184438
2018-05-28,0.95457724
2018-05-29,3.4600667499999997
2018-05-30,3.6482675049999997
2018-05-31,3.11864892
2018-06-01,3.432459893
2018-06-02,1.674498189
2018-06-03,0.814832838
2018-06-04,4.75670826
2018-06-05,4.62159675
2018-06-06,0.50906554
2018-06-07,5.494747183
2018-06-08,2.6634196770000003
2018-06-09,1.14327213
2018-06-10,2.666247524
2018-06-11,6.156237341
2018-06-12,3.999611924
2018-06-13,5.33931817
2018-06-14,6.05855904
2018-06-15,9.273357000999999
2018-06-16,1.911064279
2018-06-17,2.45980369
2018-06-18,1.22430704
2018-06-19,4.91491117
2018-06-20,3.70451319
2018-06-21,4.4839122
2018-06-22,5.87835603
2018-06-23,5.79469819
2018-06-24,4.29997034
2018-06-25,3.72737435
2018-06-26,5.11251064
2018-06-27,4.11332302
2018-06-28,4.48606838
2018-06-29,3.733267482
2018-06-30,0.80028666
2018-07-01,1.55965018
2018-07-02,3.16089438
2018-07-03,6.142378924
2018-07-04,2.71814753
2018-07-05,1.69167559
2018-07-06,3.57180059
2018-07-07,0.23414769000000002
2018-07-08,1.98402155
2018-07-09,1.86360043
2018-07-10,1.32927239
2018-07-11,1.954052776
2018-07-12,1.037909347
2018-07-13,1.06937827
2018-07-14,2.53753983
2018-07-15,2.38943268
2018-07-16,0.425922307
2018-07-17,1.36599287
2018-07-18,0.88604636
2018-07-19,1.33212503
2018-07-20,2.22495959
2018-07-21,4.87263308
2018-07-22,5.986091654
2018-07-23,3.506900295
2018-07-24,3.45835382
2018-07-25,1.5208515
2018-07-26,4.03988984
2018-07-27,2.8113650900000002
2018-07-28,3.655690801
2018-07-29,5.119194515
2018-07-30,3.65239753
2018-07-31,7.46915605
2018-08-01,3.22708364
2018-08-02,3.74853743
2018-08-03,3.3129562200000002
2018-08-04,10.07663104
2018-08-05,1.86949353
2018-08-06,0.34868968
2018-08-07,3.7713817400000003
2018-08-08,2.6853332
2018-08-09,3.0087028399999998
2018-08-10,5.64940209
2018-08-11,3.23619929
2018-08-12,1.05428633
2018-08-13,2.96065312
2018-08-14,2.69313932
2018-08-15,0.64153371
2018-08-16,4.349161
2018-08-17,5.15790975
2018-08-18,2.593668125
2018-08-19,2.61608472
2018-08-20,2.54645462
2018-08-21,1.96458483
2018-08-22,2.41663951
2018-08-23,2.072366014
2018-08-24,4.83975321
2018-08-25,3.68762608
2018-08-26,1.68573706
2018-08-27,4.25149657
2018-08-28,3.72039017
2018-08-29,1.8756821
2018-08-30,1.51098896
2018-08-31,2.11844333
2018-09-01,3.44652882
2018-09-02,5.854670101
2018-09-03,3.0839394208
2018-09-04,3.42969389
2018-09-05,1.82614635
2018-09-06,1.975945894
2018-09-07,4.21350232
2018-09-08,4.77813237
2018-09-09,2.719463754
2018-09-10,3.3870447400000003
2018-09-11,4.54360025
2018-09-12,1.675308839
2018-09-13,4.54759753
2018-09-14,3.10548567
2018-09-15,5.18838272
2018-09-16,5.79008722
2018-09-17,3.84964643
2018-09-18,3.53403508
2018-09-19,2.23011267
2018-09-20,3.030646
2018-09-21,4.1235911
2018-09-22,3.23952962
2018-09-23,2.755272661
2018-09-24,4.96073774
2018-09-25,1.84962833
2018-09-26,4.07177311
2018-09-27,1.932827796
2018-09-28,5.19357391
2018-09-29,6.70189845
2018-09-30,4.80654579
2018-10-01,4.85366246
2018-10-02,2.24082379
2018-10-03,3.5706192
2018-10-04,2.63796879
2018-10-05,5.2707009199999995
2018-10-06,1.48667828
2018-10-07,9.934915041
2018-10-08,0.0
2018-10-09,0.0
2018-10-10,0.0
2018-10-11,1.73598012
2018-10-12,2.22648961
2018-10-13,0.0
2018-10-14,2.0126263
2018-10-15,0.0
2018-10-16,0.0
2018-10-17,0.0
2018-10-18,0.0
2018-10-19,0.0
2018-10-20,0.0
2018-10-21,0.0
2018-10-22,1.34418138
2018-10-23,4.44952218
2018-10-24,0.0
2018-10-25,2.4085139
2018-10-26,2.3510625
2018-10-27,1.51006268
2018-10-28,2.38907805
2018-10-29,0.0
2018-10-30,0.0
2018-10-31,0.0
2018-11-01,0.0
2018-11-02,0.0
2018-11-03,1.106799522
2018-11-04,2.98391711
2018-11-05,0.0
2018-11-06,0.0
2018-11-07,0.0
2018-11-08,0.0
2018-11-09,0.0
2018-11-10,2.5935397499999997
2018-11-11,0.0
2018-11-12,0.0
2018-11-13,0.0
2018-11-14,0.0
2018-11-15,0.0
2018-11-16,0.0
2018-11-17,0.0
2018-11-18,5.821689053
2018-11-19,2.04323065
2018-11-20,4.1893717299999995
2018-11-21,0.0
2018-11-22,2.69945896
2018-11-23,0.0
2018-11-24,0.0
2018-11-25,2.636806
2018-11-26,0.0
2018-11-27,0.0
2018-11-28,0.0
2018-11-29,0.0877004
2018-11-30,5.86424522
2018-12-01,15.22775728
2018-12-02,6.336571599
2018-12-03,3.29055061
2018-12-04,0.0
2018-12-05,0.0
2018-12-06,0.0
2018-12-07,0.0
2018-12-08,0.0
2018-12-09,2.08655079
2018-12-10,0.0
2018-12-11,0.0
2018-12-12,0.0
2018-12-13,0.0
2018-12-14,0.0
2018-12-15,0.00538107
2018-12-16,2.665781161
2018-12-17,0.0
2018-12-18,1.565512727
2018-12-19,2.237222746
2018-12-20,4.38724707
2018-12-21,4.125259176
2018-12-22,0.87150381
2018-12-23,3.12659827
2018-12-24,10.05865697
2018-12-25,4.092947131
2018-12-26,8.24304393
2018-12-27,5.15409273
2018-12-28,3.03451529
2018-12-29,0.0
2018-12-30,0.0
2018-12-31,0.0
2019-01-01,0.0
2019-01-02,0.0
2019-01-03,0.0
2019-01-04,0.0
2019-01-05,0.0
2019-01-06,10.02915468
2019-01-07,0.0
2019-01-08,0.0
2019-01-09,2.0212695
2019-01-10,0.0
2019-01-11,0.0
2019-01-12,6.791541265
2019-01-13,5.3123093
2019-01-14,2.88863314
2019-01-15,3.3780570599999997
2019-01-16,2.248630921
2019-01-17,2.15576711
2019-01-18,3.359529791
2019-01-19,0.56702679
2019-01-20,6.8151850959999996
2019-01-21,2.68283891
2019-01-22,2.363540484
2019-01-23,2.91554754
2019-01-24,3.290962696
2019-01-25,3.45897488
2019-01-26,5.21143487
2019-01-27,4.98087316
2019-01-28,2.20477308
2019-01-29,2.064121284
2019-01-30,3.62445784
2019-01-31,2.08008472
2019-02-01,3.46127327
2019-02-02,3.206997445
2019-02-03,4.01942685
2019-02-04,3.319196649
2019-02-05,5.121453335
2019-02-06,3.66838926
2019-02-07,4.313601924
2019-02-08,5.87539616
2019-02-09,10.7717578
2019-02-10,4.67669785
2019-02-11,1.9088951
2019-02-12,2.8888464199999997
2019-02-13,3.83927911
2019-02-14,4.1506841
2019-02-15,6.21178796
2019-02-16,8.950666511
2019-02-17,4.7004192399999996
2019-02-18,2.93363796
2019-02-19,4.262334091
2019-02-20,4.12421514
2019-02-21,4.91028129
2019-02-22,4.40857231
2019-02-23,9.781020609
2019-02-24,5.28581699
2019-02-25,2.19681463
2019-02-26,3.796502062
2019-02-27,4.758166302
2019-02-28,3.8033958
2019-03-01,5.783611
2019-03-02,12.16843516
2019-03-03,7.3679398339999995
2019-03-04,1.86256683
2019-03-05,2.3754404
2019-03-06,4.45366012
2019-03-07,3.2576131999999998
2019-03-08,4.44019517
2019-03-09,11.41013476
2019-03-10,1.64565859
2019-03-11,3.692989242
2019-03-12,3.439972417
2019-03-13,1.82272439
2019-03-14,4.915430041
2019-03-15,5.51934576
2019-03-16,7.28708604
2019-03-17,7.73203009
2019-03-18,2.89505633
2019-03-19,3.01298486
2019-03-20,4.53948321
2019-03-21,3.745968
2019-03-22,3.95513493
2019-03-23,7.67216844
2019-03-24,5.48125761
2019-03-25,2.26416506
2019-03-26,4.51954483
2019-03-27,2.07986565
2019-03-28,1.9992306100000001
2019-03-29,4.70219706
2019-03-30,11.426190889999999
2019-03-31,6.21793932
2019-04-01,1.72300513
2019-04-02,2.6466567260000002
2019-04-03,5.319962166
2019-04-04,5.72570612
2019-04-05,3.30209195
2019-04-06,13.97348557
2019-04-07,4.0870695800000005
2019-04-08,2.8771663
2019-04-09,1.88375417
2019-04-10,4.23736746
2019-04-11,3.05946385
2019-04-12,4.9176237
2019-04-13,2.825337256
2019-04-14,4.58801712
2019-04-15,2.40162413
2019-04-16,4.85863742
2019-04-17,5.47365189
2019-04-18,3.8638357
2019-04-19,6.97833211
2019-04-20,2.731664732
2019-04-21,3.99374467
2019-04-22,2.44280894
2019-04-23,4.17127147
2019-04-24,5.237549845
2019-04-25,2.4238190299999998
2019-04-26,3.2169503809999997
2019-04-27,7.39570822
2019-04-28,5.457115196
2019-04-29,0.22761456
2019-04-30,2.32568693
2019-05-01,6.28272032
2019-05-02,4.5422417
2019-05-03,4.60344676
2019-05-04,11.5320502
2019-05-05,2.00717054
2019-05-06,3.03594456
2019-05-07,6.53980011
2019-05-08,6.20636822
2019-05-09,2.49822312
2019-05-10,10.19920182
2019-05-11,8.288644571
2019-05-12,1.623344777
2019-05-13,2.31134581
2019-05-14,3.876349777
2019-05-15,9.019002269
2019-05-16,3.558940155
2019-05-17,5.89938392
2019-05-18,14.02527341
2019-05-19,13.204365534999999
2019-05-20,2.15034197
2019-05-21,10.08000757
2019-05-22,5.28435479
2019-05-23,2.923812547
2019-05-24,4.3840777200000005
2019-05-25,14.1819698
2019-05-26,7.41623402
2019-05-27,10.07438066
2019-05-28,1.94083423
2019-05-29,5.182348919
2019-05-30,3.77914437
2019-05-31,5.730527617
2019-06-01,5.46370676
2019-06-02,11.00210292
2019-06-03,4.44444978
2019-06-04,5.39751388
2019-06-05,4.61583611
2019-06-06,4.52103433
2019-06-07,5.505387369
2019-06-08,18.286356466
2019-06-09,6.08546767
2019-06-10,1.94830955
2019-06-11,3.76534778
2019-06-12,5.2486995
2019-06-13,4.80612504
2019-06-14,3.81177643
2019-06-15,9.14804467
2019-06-16,5.9992293100000005
2019-06-17,4.17699452
2019-06-18,5.92180947
2019-06-19,2.60001599
2019-06-20,4.39027231
2019-06-21,5.35342893
2019-06-22,13.0657294
2019-06-23,8.92321452
2019-06-24,2.84061742
2019-06-25,2.85006791
2019-06-26,2.27544724
2019-06-27,5.131638143
2019-06-28,4.66805105
2019-06-29,6.228716419
2019-06-30,10.932626134
2019-07-01,4.7205179
2019-07-02,2.12244239
2019-07-03,6.60218816
2019-07-04,2.83125817
2019-07-05,9.67664352
2019-07-06,8.1829025
2019-07-07,7.53527028
2019-07-08,3.62611019
2019-07-09,4.992719326
2019-07-10,2.66117191
2019-07-11,2.19818743
2019-07-12,7.22864153
2019-07-13,4.400980285
2019-07-14,5.01879737
2019-07-15,9.932181700000001
2019-07-16,3.94617138
2019-07-17,2.85222365
2019-07-18,4.04087027
2019-07-19,6.9414573100000005
2019-07-20,23.30360102
2019-07-21,23.445320732
2019-07-22,2.7630879200000003
2019-07-23,4.453473777
2019-07-24,4.403999384
2019-07-25,4.8227176599999995
2019-07-26,5.1628237
2019-07-27,6.55447277
2019-07-28,6.17929968
2019-07-29,4.4662289699999995
2019-07-30,2.31179323
2019-07-31,3.18137097
2019-08-01,7.428926189999999
2019-08-02,3.972240589
2019-08-03,5.84676254
2019-08-04,4.44004576
2019-08-05,3.532373268
2019-08-06,5.00838258
2019-08-07,2.60719216
2019-08-08,6.47143896
2019-08-09,4.27074467
2019-08-10,3.4559332400000002
2019-08-11,13.1704585
2019-08-12,2.52273575
2019-08-13,5.91471407
2019-08-14,3.94069736
2019-08-15,7.26871777
2019-08-16,3.66432439
2019-08-17,4.522108706
2019-08-18,3.5896661
2019-08-19,3.0045787
2019-08-20,11.1736591
2019-08-21,6.02020224
2019-08-22,9.47277767
2019-08-23,5.02037866
2019-08-24,6.57505112
2019-08-25,10.04972298
2019-08-26,7.987023401
2019-08-27,3.23917043
2019-08-28,4.24634522
2019-08-29,4.40121004
2019-08-30,4.68564017
2019-08-31,6.75993745
2019-09-01,8.97759999
2019-09-02,2.50345553
2019-09-03,4.37569002
2019-09-04,4.39738204
2019-09-05,7.34239623
2019-09-06,9.608506030000001
2019-09-07,10.8025315
2019-09-08,8.09894881
2019-09-09,2.8150858700000003
2019-09-10,5.80211711
2019-09-11,1.8787901
2019-09-12,4.10248534
2019-09-13,3.31258541
2019-09-14,16.72785632
2019-09-15,1.071467137
2019-09-16,2.240445531
2019-09-17,2.43286761
2019-09-18,2.74047075
2019-09-19,3.55438663
2019-09-20,2.87961962
2019-09-21,6.417902046
2019-09-22,1.44399194
2019-09-23,2.8193726199999998
2019-09-24,1.63329295
2019-09-25,2.2618919
2019-09-26,2.0278378
2019-09-27,1.591984554
2019-09-28,2.72958934
2019-09-29,2.6908453
2019-09-30,6.13134551
2019-10-01,1.18238247
2019-10-02,2.753277055
2019-10-03,4.3447841
2019-10-04,1.01116473
2019-10-05,3.01235098
2019-10-06,3.074425591
2019-10-07,2.32835245
2019-10-08,3.26619403
2019-10-09,1.9750909700000001
2019-10-10,2.45088726
2019-10-11,2.19374475
2019-10-12,0.3716537
2019-10-13,7.82123376
2019-10-14,2.49730383
2019-10-15,2.499695292
2019-10-16,4.55314091
2019-10-17,2.19141403
2019-10-18,7.37718001
2019-10-19,8.02923407
2019-10-20,1.28181455
2019-10-21,2.42762333
2019-10-22,0.1150593
2019-10-23,1.59651335
2019-10-24,2.43221345
2019-10-25,4.155935154
2019-10-26,5.4654931499999995
2019-10-27,7.879199389
2019-10-28,2.72888755
2019-10-29,1.982559542
2019-10-30,2.2698259800000002
2019-10-31,3.86181499
2019-11-01,0.16745955
2019-11-02,1.2945268760000002
2019-11-03,1.82762564
2019-11-04,2.803433397
2019-11-05,2.09366028
2019-11-06,2.5951143
2019-11-07,2.430941
2019-11-08,2.87994947
2019-11-09,8.254027284
2019-11-10,8.28829553
2019-11-11,2.8880955
2019-11-12,3.138203445
2019-11-13,1.829403972
2019-11-14,4.53313219
2019-11-15,2.8757674
2019-11-16,4.93634025
2019-11-17,4.09102692
2019-11-18,1.63280201
2019-11-19,3.52323568
2019-11-20,3.34394037
2019-11-21,2.50621279
2019-11-22,4.9725419120000005
2019-11-23,5.759213507
2019-11-24,2.051779651
2019-11-25,2.59159688
2019-11-26,0.1804524
2019-11-27,3.308170536
2019-11-28,0.74293021
2019-11-29,0.714812929
2019-11-30,3.5223105759999997
2019-12-01,2.36911369
2019-12-02,3.479137804
2019-12-03,2.114587601
2019-12-04,3.55372084
2019-12-05,1.903378388
2019-12-06,4.600116
2019-12-07,1.283006411
2019-12-08,4.15136207
2019-12-09,3.45697797
2019-12-10,2.247425223
2019-12-11,0.16695629
2019-12-12,1.7631599
2019-12-13,3.93660988
2019-12-14,6.49358105
2019-12-15,3.67225856
2019-12-16,2.12423122
2019-12-17,3.857228214
2019-12-18,3.92219566
2019-12-19,3.90951551
2019-12-20,1.62942172
2019-12-21,2.85037909
2019-12-22,0.14167879
2019-12-23,0.07781431
2019-12-24,0.59096767
2019-12-25,0.020673010000000002
2019-12-26,0.08100821
2019-12-27,0.62632987
2019-12-28,1.1727572
2019-12-29,3.67720528
2019-12-30,2.58146099
2019-12-31,6.133757
2020-01-01,2.96924009
2020-01-02,2.60660215
2020-01-03,4.09178535
2020-01-04,4.22196793
2020-01-05,6.20794426
2020-01-06,3.724789571
2020-01-07,4.268464712
2020-01-08,3.1428956599999998
2020-01-09,2.32330089
2020-01-10,7.99075475
2020-01-11,8.60095943
2020-01-12,13.896698632
2020-01-13,2.6037132
2020-01-14,2.5546006699999997
2020-01-15,3.92581772
2020-01-16,2.11920484
2020-01-17,4.33582423
2020-01-18,4.09635632
2020-01-19,7.072519391
2020-01-20,2.74340896
2020-01-21,2.095214049
2020-01-22,3.88048831
2020-01-23,3.03048207
2020-01-24,2.1460108399999998
2020-01-25,3.677591434
2020-01-26,3.396446401
2020-01-27,2.25977731
2020-01-28,2.52338691
2020-01-29,4.541632181
2020-01-30,4.11237147
2020-01-31,2.695707392
2020-02-01,5.878526045
2020-02-02,3.86811136
2020-02-03,1.97763311
2020-02-04,2.11223925
2020-02-05,4.00674351
2020-02-06,2.84007548
2020-02-07,2.87551023
2020-02-08,4.25946143
2020-02-09,9.058660945
2020-02-10,2.81786187
2020-02-11,6.06210305
2020-02-12,4.32545888
2020-02-13,3.892107287
2020-02-14,3.4607664
2020-02-15,3.01570536
2020-02-16,4.49727249
2020-02-17,9.35860838
2020-02-18,3.50263125
2020-02-19,4.43270539
2020-02-20,2.808235981
2020-02-21,5.40195116
2020-02-22,2.230213892
2020-02-23,12.974428345
2020-02-24,2.2744548250000003
2020-02-25,2.25702507
2020-02-26,4.13919083
2020-02-27,2.442659542
2020-02-28,2.0132978599999998
2020-02-29,2.31552072
2020-03-01,9.079389934
2020-03-02,3.95329945
2020-03-03,1.4955711790000001
2020-03-04,4.66573348
2020-03-05,2.440478888
2020-03-06,1.19005623
2020-03-07,1.4016769310000001
2020-03-08,3.1530663899999998
2020-03-09,1.44831055
2020-03-10,1.863864555
2020-03-11,2.0616239
2020-03-12,2.103739254
2020-03-13,0.39581339
2020-03-14,0.78276621
2020-03-15,0.68867788
2020-03-16,0.16756531
2020-03-17,1.20311316
2020-03-18,0.190605746
2020-03-19,0.15344142
2020-03-20,0.37133764
2020-03-21,1.8209301820000001
2020-03-22,0.83889991
2020-03-23,1.19408248
2020-03-24,0.49610277999999997
2020-03-25,1.62354952
2020-03-26,0.548242
2020-03-27,2.264450478
2020-03-28,5.47807911
2020-03-29,1.60860358
2020-03-30,0.56484513
2020-03-31,3.033154252
2020-04-01,0.81577349
2020-04-02,0.773774
2020-04-03,0.448785492
2020-04-04,6.74464229
2020-04-05,2.0845442800000002
2020-04-06,0.63911757
2020-04-07,0.21999032000000002
2020-04-08,0.49261680399999996
2020-04-09,1.27002032
2020-04-10,0.53225411
2020-04-11,1.61682704
2020-04-12,7.00671799
2020-04-13,0.42872737
2020-04-14,1.94008186
2020-04-15,0.53349704
2020-04-16,0.44611336
2020-04-17,0.37828449000000003
2020-04-18,0.42144503
2020-04-19,2.4911272700000002
2020-04-20,0.57642111
2020-04-21,0.36212277
2020-04-22,0.63102717
2020-04-23,1.136339
2020-04-24,0.44215533
2020-04-25,6.5249082959999996
2020-04-26,0.86141323
2020-04-27,0.34899924
2020-04-28,2.75488484
2020-04-29,0.54709231
2020-04-30,0.4502333
2020-05-01,0.47780327
2020-05-02,5.32593006
2020-05-03,2.39066885
2020-05-04,0.78733286
2020-05-05,1.921658762
2020-05-06,1.16746372
2020-05-07,0.71435295
2020-05-08,0.411428709
2020-05-09,0.97270066
2020-05-10,0.95902503
2020-05-11,0.5345593
2020-05-12,0.20923424699999998
2020-05-13,1.5566222
2020-05-14,3.68230136
2020-05-15,0.5779249
2020-05-16,1.902500003
2020-05-17,1.107780645
2020-05-18,0.570238496
2020-05-19,2.11159842
2020-05-20,1.79403026
2020-05-21,2.1620804000000002
2020-05-22,0.87266568
2020-05-23,0.49231228
2020-05-24,7.06627764
2020-05-25,3.183165206
2020-05-26,1.96404254
2020-05-27,0.465139625
2020-05-28,0.923338472
2020-05-29,0.46540099
2020-05-30,0.476852462
2020-05-31,4.705128295
2020-06-01,0.993385319
2020-06-02,4.02319193
2020-06-03,4.24597737
2020-06-04,0.69852695
2020-06-05,0.44360907
2020-06-06,6.16211958
2020-06-07,6.207172819
2020-06-08,0.92587429
2020-06-09,1.60610115
2020-06-10,0.504118411
2020-06-11,0.5666342799999999
2020-06-12,1.87091777
2020-06-13,2.11651432
2020-06-14,0.31753305
2020-06-15,0.59312337
2020-06-16,1.75112942
2020-06-17,0.49520171
2020-06-18,0.4939775
2020-06-19,0.350695829
2020-06-20,0.9703022
2020-06-21,3.1435737
2020-06-22,0.503907528
2020-06-23,1.96847505
2020-06-24,0.51275031
2020-06-25,0.34331982
2020-06-26,0.71025869
2020-06-27,1.03739129
2020-06-28,2.33259063
2020-06-29,0.57632154
2020-06-30,0.25688727
2020-07-01,0.40123819
2020-07-02,1.3496808
2020-07-03,0.49506885
2020-07-04,0.12370885
2020-07-05,6.27091542
2020-07-06,0.50288196
2020-07-07,1.25516341
2020-07-08,0.53236623
2020-07-09,0.60047449
2020-07-10,0.64769236
2020-07-11,0.86867672
2020-07-12,0.75720939
2020-07-13,0.348117
2020-07-14,0.78430124
2020-07-15,0.68148851
2020-07-16,2.55749035
2020-07-17,0.87732026
2020-07-18,0.442776714
2020-07-19,5.9431594809999995
2020-07-20,0.87329373
2020-07-21,1.10223775
2020-07-22,0.35970565
2020-07-23,2.2361959799999998
2020-07-24,1.7751968299999998
2020-07-25,6.31135771
2020-07-26,0.18889685
2020-07-27,2.05262444
2020-07-28,1.35545879
2020-07-29,0.39388705
2020-07-30,0.3689268
2020-07-31,0.26901021
2020-08-01,5.482870738
2020-08-02,0.57030035
2020-08-03,2.308899217
2020-08-04,0.44382053
2020-08-05,2.0308569100000002
2020-08-06,0.4472442
2020-08-07,2.98431445
2020-08-08,0.24396884
2020-08-09,7.04327655
2020-08-10,0.24006062
2020-08-11,1.812714395
2020-08-12,0.51456373
2020-08-13,2.09358623
2020-08-14,1.4516094
2020-08-15,0.456229286
2020-08-16,1.496361217
2020-08-17,0.7078911800000001
2020-08-18,0.590712822
2020-08-19,0.75655706
2020-08-20,0.925526385
2020-08-21,1.04456839
2020-08-22,6.159926039
2020-08-23,1.3059101499999999
2020-08-24,0.32769872
2020-08-25,0.66784351
2020-08-26,1.07625796
2020-08-27,4.42863369
2020-08-28,0.57834734
2020-08-29,5.32869132
2020-08-30,3.173361184
2020-08-31,1.19904946
2020-09-01,0.35528128999999997
2020-09-02,1.26193145
2020-09-03,3.4393642399999997
2020-09-04,3.98758084
2020-09-05,5.58442653
2020-09-06,1.39517447
2020-09-07,6.34025568
2020-09-08,0.50475836
2020-09-09,0.31718493
2020-09-10,0.46842068
2020-09-11,0.409514758
2020-09-12,3.44999513
2020-09-13,2.142687687
2020-09-14,0.25872648
2020-09-15,0.38173315
2020-09-16,0.51305368
2020-09-17,0.23988659099999998
2020-09-18,0.31435771
2020-09-19,5.55665507
2020-09-20,1.39067148
2020-09-21,0.32436211
2020-09-22,0.5264566900000001
2020-09-23,0.43872508
2020-09-24,0.61628245
2020-09-25,0.38643086
2020-09-26,1.1421115400000001
2020-09-27,2.172246587
2020-09-28,2.61648828
2020-09-29,0.371405657
2020-09-30,0.31866411
2020-10-01,0.25972078
2020-10-02,0.25878865
2020-10-03,2.0444920300000002
2020-10-04,0.75795398
2020-10-05,0.38782276
2020-10-06,0.65272568
2020-10-07,0.425154538
2020-10-08,4.206836077
2020-10-09,1.93256948
2020-10-10,9.96028748
2020-10-11,2.0351664289999998
2020-10-12,0.81571745
2020-10-13,0.28161782
2020-10-14,0.31443245
2020-10-15,0.17030541
2020-10-16,0.29815242
2020-10-17,2.9062726309999998
2020-10-18,1.9124875700000001
2020-10-19,0.51548338
2020-10-20,0.131146507
2020-10-21,0.325791139
2020-10-22,0.10024584
2020-10-23,0.31702994
2020-10-24,6.35683167
2020-10-25,1.80144985
2020-10-26,0.54800531
2020-10-27,0.66059228
2020-10-28,0.2128445
2020-10-29,0.24859187
2020-10-30,0.29231791
2020-10-31,0.21411201
2020-11-01,1.691415405
2020-11-02,0.1782964
2020-11-03,0.32145978000000003
2020-11-04,0.30012855
2020-11-05,0.20348033999999998
2020-11-06,0.29287716999999996
2020-11-07,6.14503534
2020-11-08,1.609420363
2020-11-09,0.06943197000000001
2020-11-10,0.41777289
2020-11-11,0.23517656
2020-11-12,0.39668326
2020-11-13,0.34438247
2020-11-14,2.540401456
2020-11-15,1.89011228
2020-11-16,0.0
2020-11-17,0.39527286
2020-11-18,0.22500463999999998
2020-11-19,0.42873419
2020-11-20,0.36072494
2020-11-21,2.14476848
2020-11-22,0.614343933
2020-11-23,0.23343058
2020-11-24,1.94641598
2020-11-25,2.08317273
2020-11-26,2.0064018
2020-11-27,3.54324463
2020-11-28,2.24413855
2020-11-29,2.8726697100000003
2020-11-30,0.21619363
2020-12-01,0.22846573
2020-12-02,0.21677144
2020-12-03,0.22786916
2020-12-04,0.17745103
2020-12-05,0.0
2020-12-06,1.96113731
2020-12-07,2.8853315299999998
2020-12-08,0.5796839500000001
2020-12-09,0.2920009
2020-12-10,0.20146102999999999
2020-12-11,0.45730447900000004
2020-12-12,0.3459047
2020-12-13,0.00668595
2020-12-14,0.41504489
2020-12-15,0.53782155
2020-12-16,0.22840981999999999
2020-12-17,2.14422643
2020-12-18,0.19884495
2020-12-19,0.285122321
2020-12-20,0.8145804999999999
2020-12-21,0.390314332
2020-12-22,0.0
2020-12-23,0.20767468
2020-12-24,3.7506670509999998
2020-12-25,0.0
2020-12-26,0.0
2020-12-27,0.0
2020-12-28,0.0
2020-12-29,0.0
2020-12-30,0.0
2020-12-31,1.080663482
2021-01-01,0.59824384
2021-01-02,0.45123982
2021-01-03,3.040213397
2021-01-04,0.11684887
2021-01-05,2.109220926
2021-01-06,0.094075625
2021-01-07,0.11618399
2021-01-08,0.9494051899999999
2021-01-09,0.0449065
2021-01-10,0.00176469
2021-01-11,0.25581853
2021-01-12,0.73483933
2021-01-13,0.7827849149999999
2021-01-14,1.771802873
2021-01-15,0.09206236
2021-01-16,5.2340861499999995
2021-01-17,2.62596332
2021-01-18,5.911662629
2021-01-19,0.22272423
2021-01-20,0.2305478
2021-01-21,0.25314674
2021-01-22,0.16169321
2021-01-23,0.25322746
2021-01-24,1.69863484
2021-01-25,0.163681606
2021-01-26,2.2796539
2021-01-27,0.41756145
2021-01-28,0.25383627
2021-01-29,0.09423097999999999
2021-01-30,0.589612967
2021-01-31,1.407429973
2021-02-01,0.12284511
2021-02-02,0.0
2021-02-03,0.12791539000000002
2021-02-04,0.203474113
2021-02-05,0.342071
2021-02-06,1.42226165
2021-02-07,2.61979036
2021-02-08,0.0126138
2021-02-09,0.0
2021-02-10,0.00795355
2021-02-11,2.56550482
2021-02-12,0.066623451
2021-02-13,2.043929677
2021-02-14,2.46022814
2021-02-15,1.3867578999999999
2021-02-16,0.26665528
2021-02-17,0.59354655
2021-02-18,0.36486296
2021-02-19,0.23963810000000002
2021-02-20,0.26205709
2021-02-21,1.576281302
2021-02-22,0.34909856
2021-02-23,0.0245007
2021-02-24,2.34068631
2021-02-25,0.25374942
2021-02-26,0.26618311
2021-02-27,2.68026859
2021-02-28,1.153011161
2021-03-01,0.03351053
2021-03-02,2.310406754
2021-03-03,0.00268432
2021-03-04,0.16215309
2021-03-05,0.0
2021-03-06,1.76989487
2021-03-07,2.2842122000000002
2021-03-08,2.470479265
2021-03-09,0.49379139000000005
2021-03-10,0.0
2021-03-11,0.841659591
2021-03-12,0.09145342000000001
2021-03-13,0.28290408
2021-03-14,1.237784132
2021-03-15,2.209926015
2021-03-16,0.5094869
2021-03-17,0.0
2021-03-18,1.27479229
2021-03-19,1.066260751
2021-03-20,3.55208686
2021-03-21,0.981567717
2021-03-22,1.71558736
2021-03-23,2.1379825
2021-03-24,0.04146405
2021-03-25,0.19668896
2021-03-26,1.6471483
2021-03-27,0.8414105500000001
2021-03-28,2.28726151
2021-03-29,0.40402187
2021-03-30,3.30123414
2021-03-31,0.40646354
2021-04-01,0.47840617999999996
2021-04-02,0.12755507
2021-04-03,0.48672599
2021-04-04,2.771332016
2021-04-05,0.988024202
2021-04-06,0.0
2021-04-07,0.93191368
2021-04-08,0.20282785
2021-04-09,0.05197152
2021-04-10,2.82738686
2021-04-11,2.53422451
2021-04-12,2.5696288099999998
2021-04-13,2.9568258
2021-04-14,3.66874724
2021-04-15,1.01596064
2021-04-16,1.72884003
2021-04-17,4.736318934
2021-04-18,5.605421719
2021-04-19,0.4177479
2021-04-20,0.33152641
2021-04-21,0.23597199000000002
2021-04-22,0.07790126
2021-04-23,2.141698215
2021-04-24,2.30093665
2021-04-25,2.620875
2021-04-26,0.0
2021-04-27,1.97679109
2021-04-28,2.808523297
2021-04-29,0.1371117
2021-04-30,0.0
2021-05-01,0.13641591
2021-05-02,1.063656955
2021-05-03,0.24314252
2021-05-04,0.0071582
2021-05-05,1.5537319269999998
2021-05-06,0.23177151999999998
2021-05-07,0.0
2021-05-08,1.47283043
2021-05-09,6.208213107
2021-05-10,0.85780989
2021-05-11,0.0
2021-05-12,0.0
2021-05-13,0.08471769
2021-05-14,0.097207321
2021-05-15,6.077760584
2021-05-16,4.63228508
2021-05-17,0.0
2021-05-18,0.0
2021-05-19,0.03761777
2021-05-20,1.95963041
2021-05-21,0.0
2021-05-22,3.3123890400000002
2021-05-23,1.80404516
2021-05-24,0.064200072
2021-05-25,0.0
2021-05-26,0.0
2021-05-27,0.19347015
2021-05-28,0.57069812
2021-05-29,5.727799
2021-05-30,1.07041782
2021-05-31,5.72784277
2021-06-01,0.06139777
2021-06-02,0.24017863
2021-06-03,0.16057477
2021-06-04,0.22212174
2021-06-05,1.89190086
2021-06-06,1.83523899
2021-06-07,0.0172679
2021-06-08,0.49841457
2021-06-09,0.45022043
2021-06-10,1.1779262160000001
2021-06-11,3.28662929
2021-06-12,6.827582455
2021-06-13,7.738049102
2021-06-14,0.854528307
2021-06-15,0.26200129
2021-06-16,0.14280972
2021-06-17,1.51157283
2021-06-18,1.1077370500000001
2021-06-19,3.39457633
2021-06-20,5.41593474
2021-06-21,0.0
2021-06-22,0.0
2021-06-23,0.0
2021-06-24,0.27920086
2021-06-25,0.855025145
2021-06-26,3.4688692899999998
2021-06-27,1.67186343
2021-06-28,0.061298240000000004
2021-06-29,0.21537336
2021-06-30,0.30628019
2021-07-01,2.234115152
2021-07-02,8.14484016
2021-07-03,5.836161839
2021-07-04,8.145187976999999
2021-07-05,3.6025560100000003
2021-07-06,1.43564764
2021-07-07,1.93018597
2021-07-08,0.2976866
2021-07-09,0.529029317
2021-07-10,7.18653127
2021-07-11,2.66724353
2021-07-12,1.3118437059999999
2021-07-13,2.27129869
2021-07-14,1.400849844
2021-07-15,0.58518222
2021-07-16,4.50569213
2021-07-17,1.31896067
2021-07-18,0.85872876
2021-07-19,1.49453444
2021-07-20,0.83460763
2021-07-21,0.10726729
2021-07-22,0.18631193999999998
2021-07-23,2.289418865
2021-07-24,4.644540744
2021-07-25,1.14602102
2021-07-26,0.2621193
2021-07-27,4.41137167
2021-07-28,1.98897719
2021-07-29,0.085351599
2021-07-30,1.62245289
2021-07-31,0.53030941
2021-08-01,3.65224581
2021-08-02,5.56759712
2021-08-03,3.2736779
2021-08-04,0.16417875
2021-08-05,4.838078427
2021-08-06,2.636345671
2021-08-07,4.89109847
2021-08-08,3.6824464900000002
2021-08-09,2.39949353
2021-08-10,1.251826996
2021-08-11,2.36083553
2021-08-12,4.16308673
2021-08-13,3.85899695
2021-08-14,1.42658403
2021-08-15,0.36779579
2021-08-16,1.97647554
2021-08-17,3.870333661
2021-08-18,0.55029872
2021-08-19,0.25163669
2021-08-20,0.82584627
2021-08-21,3.59826508
2021-08-22,0.18508156
2021-08-23,0.060801187
2021-08-24,0.29244841
2021-08-25,2.72293458
2021-08-26,1.1904601700000002
2021-08-27,3.96150803
2021-08-28,1.41103485
2021-08-29,4.85103721
2021-08-30,2.98506849
2021-08-31,3.10529026
2021-09-01,0.16778884
2021-09-02,1.0514098699999999
2021-09-03,1.72439184
2021-09-04,6.1676114
2021-09-05,8.156010181
2021-09-06,1.0212969600000001
2021-09-07,1.3384374399999999
2021-09-08,3.23653087
2021-09-09,3.19018868
2021-09-10,10.697731261
2021-09-11,13.78309823
2021-09-12,8.42831014
2021-09-13,6.56359876
2021-09-14,0.615661261
