Date,Steps,Event
2015-08-06,713.0,
2015-08-07,6684.0,
2015-08-08,6140.0,
2015-08-09,7333.0,
2015-08-10,7010.0,
2015-08-11,2043.0,
2015-08-12,6257.0,
2015-08-13,2260.0,
2015-08-14,7367.0,
2015-08-15,11756.0,
2015-08-16,6156.0,
2015-08-17,5328.0,
2015-08-18,4426.0,
2015-08-19,4173.0,
2015-08-20,8328.0,
2015-08-21,7127.0,
2015-08-22,9705.0,
2015-08-23,5009.0,
2015-08-24,9947.0,
2015-08-25,1945.0,
2015-08-26,13030.0,
2015-08-27,6253.0,
2015-08-28,8756.0,
2015-08-29,3446.0,
2015-08-30,4196.0,
2015-08-31,5811.0,
2015-09-01,5583.0,
2015-09-02,5245.0,
2015-09-03,13967.0,
2015-09-04,13490.0,
2015-09-05,18974.0,
2015-09-06,12318.0,
2015-09-07,9827.0,
2015-09-08,15674.0,
2015-09-09,8300.0,
2015-09-10,13440.0,
2015-09-11,9317.0,
2015-09-12,16269.0,
2015-09-13,7108.0,
2015-09-14,10236.0,
2015-09-15,11840.0,
2015-09-16,12855.0,
2015-09-17,12735.0,
2015-09-18,8879.0,
2015-09-19,8693.0,
2015-09-20,9803.0,
2015-09-21,9470.0,
2015-09-22,11423.0,
2015-09-23,7229.0,
2015-09-24,10840.0,
2015-09-25,8918.0,
2015-09-26,11063.0,
2015-09-27,8646.0,
2015-09-28,9928.0,
2015-09-29,8511.0,
2015-09-30,9517.0,
2015-10-01,15979.0,
2015-10-02,8904.0,
2015-10-03,5127.0,
2015-10-04,5009.0,
2015-10-05,10828.0,
2015-10-06,12735.0,
2015-10-07,9745.0,
2015-10-08,13054.0,
2015-10-09,10681.0,
2015-10-10,14253.0,
2015-10-11,14503.0,
2015-10-12,9194.0,
2015-10-13,10637.0,
2015-10-14,9602.0,
2015-10-15,12913.0,
2015-10-16,15172.0,
2015-10-17,15597.0,
2015-10-18,7774.0,
2015-10-19,6178.0,
2015-10-20,5671.0,
2015-10-21,14200.0,
2015-10-22,10235.0,
2015-10-23,12053.0,
2015-10-24,12966.0,
2015-10-25,9702.0,
2015-10-26,8964.0,
2015-10-27,10243.0,
2015-10-28,9095.0,
2015-10-29,9152.0,
2015-10-30,5986.0,
2015-10-31,5005.0,
2015-11-01,6555.0,
2015-11-02,6630.0,
2015-11-03,11888.0,
2015-11-04,9839.0,
2015-11-05,16365.0,
2015-11-06,4926.0,
2015-11-07,4510.0,
2015-11-08,3110.0,
2015-11-09,8096.0,
2015-11-10,11129.0,
2015-11-11,10250.0,
2015-11-12,8985.0,
2015-11-13,6404.0,
2015-11-14,4549.0,
2015-11-15,6274.0,
2015-11-16,9451.0,
2015-11-17,10021.0,
2015-11-18,11089.0,
2015-11-19,8914.0,
2015-11-20,4641.0,
2015-11-21,4544.0,
2015-11-22,5982.0,
2015-11-23,9933.0,
2015-11-24,8683.0,
2015-11-25,7463.0,
2015-11-26,3076.0,
2015-11-27,1793.0,
2015-11-28,9671.0,
2015-11-29,4766.0,
2015-11-30,8511.0,
2015-12-01,8714.0,
2015-12-02,9445.0,
2015-12-03,8844.0,
2015-12-04,3486.0,
2015-12-05,7130.0,
2015-12-06,2909.0,
2015-12-07,5885.0,
2015-12-08,8916.0,
2015-12-09,10764.0,
2015-12-10,11651.0,
2015-12-11,8363.0,
2015-12-12,8631.0,
2015-12-13,2822.0,
2015-12-14,9002.0,
2015-12-15,6124.0,
2015-12-16,4117.0,
2015-12-17,7081.0,
2015-12-18,4689.0,
2015-12-19,2835.0,
2015-12-20,4379.0,
2015-12-21,5110.0,
2015-12-22,3605.0,
2015-12-23,2902.0,
2015-12-24,7067.0,
2015-12-25,2522.0,
2015-12-26,7693.0,
2015-12-27,1910.0,
2015-12-28,9691.0,
2015-12-29,2680.0,
2015-12-30,5509.0,
2015-12-31,5972.0,
2016-01-01,2387.0,
2016-01-02,3026.0,
2016-01-03,3397.0,
2016-01-04,3288.0,
2016-01-05,13275.0,
2016-01-06,8412.0,
2016-01-07,6637.0,
2016-01-08,8186.0,
2016-01-09,1748.0,
2016-01-10,1316.0,
2016-01-11,9648.0,
2016-01-12,10336.0,
2016-01-13,9953.0,
2016-01-14,9422.0,
2016-01-15,8013.0,
2016-01-16,13859.0,
2016-01-17,3582.0,
2016-01-18,6172.0,
2016-01-19,10092.0,
2016-01-20,10744.0,
2016-01-21,10481.0,
2016-01-22,7404.0,
2016-01-23,6595.0,
2016-01-24,3994.0,
2016-01-25,9395.0,
2016-01-26,11886.0,
2016-01-27,7219.0,
2016-01-28,8998.0,
2016-01-29,6709.0,
2016-01-30,4243.0,
2016-01-31,7785.0,
2016-02-01,9148.0,
2016-02-02,7515.0,
2016-02-03,7222.0,
2016-02-04,9673.0,
2016-02-05,10202.0,
2016-02-06,1237.0,
2016-02-07,3916.0,
2016-02-08,7729.0,
2016-02-09,10928.0,
2016-02-10,8825.0,
2016-02-11,8121.0,
2016-02-12,6985.0,
2016-02-13,4851.0,
2016-02-14,2850.0,
2016-02-15,8926.0,
2016-02-16,8287.0,
2016-02-17,7840.0,
2016-02-18,8970.0,
2016-02-19,8776.0,
2016-02-20,3644.0,
2016-02-21,4698.0,
2016-02-22,10039.0,
2016-02-23,9978.0,
2016-02-24,7537.0,
2016-02-25,7717.0,
2016-02-26,8940.0,
2016-02-27,7409.0,
2016-02-28,8890.0,
2016-02-29,7010.0,
2016-03-01,9549.0,
2016-03-02,19462.0,
2016-03-03,22654.0,
2016-03-04,7424.0,
2016-03-05,12849.0,
2016-03-06,12692.0,
2016-03-07,7018.0,
2016-03-08,10262.0,
2016-03-09,10404.0,
2016-03-10,6515.0,
2016-03-11,8225.0,
2016-03-12,17045.0,
2016-03-13,9431.0,
2016-03-14,9760.0,
2016-03-15,12063.0,
2016-03-16,7785.0,
2016-03-17,7899.0,
2016-03-18,9002.0,
2016-03-19,8009.0,
2016-03-20,9318.0,
2016-03-21,8758.0,
2016-03-22,9042.0,
2016-03-23,10594.0,
2016-03-24,6949.0,
2016-03-25,8124.0,
2016-03-26,2389.0,
2016-03-27,10540.0,
2016-03-28,12560.0,
2016-03-29,10073.0,
2016-03-30,8156.0,
2016-03-31,8287.0,
2016-04-01,13656.0,
2016-04-02,5058.0,
2016-04-03,6121.0,
2016-04-04,11328.0,
2016-04-05,10017.0,
2016-04-06,9014.0,
2016-04-07,6368.0,
2016-04-08,8166.0,
2016-04-09,9132.0,
2016-04-10,6621.0,
2016-04-11,9027.0,
2016-04-12,11933.0,
2016-04-13,10178.0,
2016-04-14,12514.0,
2016-04-15,7428.0,
2016-04-16,4702.0,
2016-04-17,9016.0,
2016-04-18,8413.0,
2016-04-19,8160.0,
2016-04-20,5750.0,
2016-04-21,8047.0,
2016-04-22,3793.0,
2016-04-23,7975.0,
2016-04-24,4707.0,
2016-04-25,7655.0,
2016-04-26,9649.0,
2016-04-27,3986.0,
2016-04-28,4518.0,
2016-04-29,10438.0,
2016-04-30,8773.0,
2016-05-01,8198.0,
2016-05-02,10451.0,
2016-05-03,3721.0,
2016-05-04,5374.0,
2016-05-05,3362.0,
2016-05-06,4926.0,
2016-05-07,2159.0,
2016-05-08,2913.0,
2016-05-09,873.0,
2016-05-10,6683.0,
2016-05-11,5329.0,
2016-05-12,5296.0,
2016-05-13,5087.0,
2016-05-14,2694.0,
2016-05-15,2696.0,
2016-05-16,3453.0,
2016-05-17,17316.0,
2016-05-18,8433.0,
2016-05-19,9896.0,
2016-05-20,20738.0,
2016-05-21,19893.0,
2016-05-22,10954.0,
2016-05-23,9114.0,
2016-05-24,3670.0,
2016-05-25,5761.0,
2016-05-26,9125.0,
2016-05-27,8758.0,
2016-05-28,1493.0,
2016-05-29,3313.0,
2016-05-30,4902.0,
2016-05-31,6936.0,
2016-06-01,4841.0,
2016-06-02,0.0,
2016-06-03,2736.0,
2016-06-04,13248.0,
2016-06-05,4174.0,
2016-06-06,5071.0,
2016-06-07,4449.0,
2016-06-08,4135.0,
2016-06-09,3469.0,
2016-06-10,1360.0,
2016-06-11,658.0,
2016-06-12,2244.0,
2016-06-13,1597.0,
2016-06-14,3535.0,
2016-06-15,7390.0,
2016-06-16,8048.0,
2016-06-17,10754.0,
2016-06-18,8473.0,
2016-06-19,10137.0,
2016-06-20,4477.0,
2016-06-21,3911.0,
2016-06-22,7018.0,
2016-06-23,3209.0,
2016-06-24,4113.0,
2016-06-25,2730.0,
2016-06-26,7776.0,
2016-06-27,7355.0,
2016-06-28,6647.0,
2016-06-29,3488.0,
2016-06-30,4127.0,
2016-07-01,4150.0,
2016-07-02,10114.0,
2016-07-03,15741.0,
2016-07-04,19018.0,
2016-07-05,4466.0,
2016-07-06,5369.0,
2016-07-07,7725.0,
2016-07-08,6705.0,
2016-07-09,8841.0,
2016-07-10,4630.0,
2016-07-11,5765.0,
2016-07-12,6769.0,
2016-07-13,5537.0,
2016-07-14,7041.0,
2016-07-15,6560.0,
2016-07-16,8880.0,
2016-07-17,15367.0,
2016-07-18,6839.0,
2016-07-19,5734.0,
2016-07-20,5130.0,
2016-07-21,7008.0,
2016-07-22,6039.0,
2016-07-23,7824.0,
2016-07-24,6756.0,
2016-07-25,5750.0,
2016-07-26,4145.0,
2016-07-27,5941.0,
2016-07-28,6405.0,
2016-07-29,7917.0,
2016-07-30,1318.0,
2016-07-31,4259.0,
2016-08-01,7463.0,
2016-08-02,3826.0,
2016-08-03,7277.0,
2016-08-04,5524.0,
2016-08-05,5739.0,
2016-08-06,9145.0,
2016-08-07,3768.0,
2016-08-08,4596.0,
2016-08-09,6040.0,
2016-08-10,4508.0,
2016-08-11,7924.0,
2016-08-12,6514.0,
2016-08-13,33367.0,
2016-08-14,11386.0,
2016-08-15,5559.0,
2016-08-16,5998.0,
2016-08-17,8900.0,
2016-08-18,2065.0,
2016-08-19,4571.0,
2016-08-20,14999.0,
2016-08-21,9293.0,
2016-08-22,5121.0,
2016-08-23,6854.0,
2016-08-24,4825.0,
2016-08-25,17967.0,
2016-08-26,9101.0,
2016-08-27,2651.0,
2016-08-28,6381.0,
2016-08-29,13840.0,
2016-08-30,5292.0,
2016-08-31,8630.0,
2016-09-01,16561.0,
2016-09-02,10095.0,
2016-09-03,14329.0,
2016-09-04,10449.0,
2016-09-05,4063.0,
2016-09-06,8647.0,
2016-09-07,12817.0,
2016-09-08,13718.0,
2016-09-09,14956.0,
2016-09-10,10564.0,
2016-09-11,7116.0,
2016-09-12,12230.0,
2016-09-13,12115.0,
2016-09-14,10517.0,
2016-09-15,11792.0,
2016-09-16,7303.0,
2016-09-17,16090.0,
2016-09-18,7311.0,
2016-09-19,14377.0,
2016-09-20,9335.0,
2016-09-21,14045.0,
2016-09-22,15663.0,
2016-09-23,8830.0,
2016-09-24,11993.0,
2016-09-25,23336.0,
2016-09-26,11533.0,
2016-09-27,10834.0,
2016-09-28,11721.0,
2016-09-29,13390.0,
2016-09-30,14507.0,
2016-10-01,10698.0,
2016-10-02,5667.0,
2016-10-03,12018.0,
2016-10-04,9159.0,
2016-10-05,13420.0,
2016-10-06,16647.0,
2016-10-07,12889.0,
2016-10-08,5945.0,
2016-10-09,5935.0,
2016-10-10,9159.0,
2016-10-11,14647.0,
2016-10-12,8683.0,
2016-10-13,11675.0,
2016-10-14,11257.0,
2016-10-15,3679.0,
2016-10-16,3811.0,
2016-10-17,6071.0,
2016-10-18,7967.0,
2016-10-19,8356.0,
2016-10-20,16908.0,
2016-10-21,13556.0,
2016-10-22,16901.0,
2016-10-23,6912.0,
2016-10-24,10806.0,
2016-10-25,10516.0,
2016-10-26,10563.0,
2016-10-27,11649.0,
2016-10-28,6438.0,
2016-10-29,4006.0,
2016-10-30,11255.0,
2016-10-31,10970.0,
2016-11-01,9471.0,
2016-11-02,7745.0,
2016-11-03,19276.0,
2016-11-04,13277.0,
2016-11-05,11944.0,
2016-11-06,8478.0,
2016-11-07,9744.0,
2016-11-08,9087.0,
2016-11-09,10488.0,
2016-11-10,10214.0,
2016-11-11,10810.0,
2016-11-12,7617.0,
2016-11-13,9248.0,
2016-11-14,9764.0,
2016-11-15,10355.0,
2016-11-16,7603.0,
2016-11-17,11551.0,
2016-11-18,7284.0,
2016-11-19,13961.0,
2016-11-20,5140.0,
2016-11-21,10831.0,
2016-11-22,7843.0,
2016-11-23,7741.0,
2016-11-24,3418.0,
2016-11-25,7893.0,
2016-11-26,3328.0,
2016-11-27,11987.0,
2016-11-28,8362.0,
2016-11-29,13524.0,
2016-11-30,11415.0,
2016-12-01,13373.0,
2016-12-02,5431.0,
2016-12-03,6266.0,
2016-12-04,5286.0,
2016-12-05,11656.0,
2016-12-06,7657.0,
2016-12-07,9951.0,
2016-12-08,8756.0,
2016-12-09,5261.0,
2016-12-10,7079.0,
2016-12-11,7506.0,
2016-12-12,7939.0,
2016-12-13,5902.0,
2016-12-14,5132.0,
2016-12-15,5372.0,
2016-12-16,10534.0,
2016-12-17,6054.0,
2016-12-18,4936.0,
2016-12-19,7293.0,
2016-12-20,4165.0,
2016-12-21,9516.0,
2016-12-22,8769.0,
2016-12-23,7593.0,
2016-12-24,8762.0,
2016-12-25,4221.0,
2016-12-26,4125.0,
2016-12-27,2570.0,
2016-12-28,994.0,
2016-12-29,4282.0,
2016-12-30,6481.0,
2016-12-31,4181.0,
2017-01-01,3255.0,
2017-01-02,6647.0,
2017-01-03,4725.0,
2017-01-04,5142.0,
2017-01-05,11487.0,
2017-01-06,7948.0,
2017-01-07,4342.0,
2017-01-08,9285.0,
2017-01-09,7763.0,
2017-01-10,6027.0,
2017-01-11,10299.0,
2017-01-12,11056.0,
2017-01-13,12262.0,
2017-01-14,6722.0,
2017-01-15,5634.0,
2017-01-16,15853.0,
2017-01-17,7911.0,
2017-01-18,8387.0,
2017-01-19,11681.0,
2017-01-20,9378.0,
2017-01-21,7557.0,
2017-01-22,4184.0,
2017-01-23,8905.0,
2017-01-24,12750.0,
2017-01-25,12468.0,
2017-01-26,8349.0,
2017-01-27,12243.0,
2017-01-28,15755.0,
2017-01-29,4813.0,
2017-01-30,9669.0,
2017-01-31,9243.0,
2017-02-01,8964.0,
2017-02-02,10950.0,
2017-02-03,7074.0,
2017-02-04,7712.0,
2017-02-05,4335.0,
2017-02-06,6650.0,
2017-02-07,8004.0,
2017-02-08,7376.0,
2017-02-09,6998.0,
2017-02-10,12351.0,
2017-02-11,15033.0,
2017-02-12,7093.0,
2017-02-13,8851.0,
2017-02-14,9270.0,
2017-02-15,11740.0,
2017-02-16,7656.0,
2017-02-17,10071.0,
2017-02-18,18625.0,
2017-02-19,7225.0,
2017-02-20,8691.0,
2017-02-21,7195.0,
2017-02-22,5138.0,
2017-02-23,7795.0,
2017-02-24,10194.0,
2017-02-25,14605.0,
2017-02-26,3312.0,
2017-02-27,3607.0,
2017-02-28,3097.0,
2017-03-01,3499.0,
2017-03-02,3174.0,
2017-03-03,8033.0,
2017-03-04,3835.0,
2017-03-05,5148.0,
2017-03-06,9513.0,
2017-03-07,9582.0,
2017-03-08,11446.0,
2017-03-09,10023.0,
2017-03-10,9677.0,
2017-03-11,5990.0,
2017-03-12,8803.0,
2017-03-13,8861.0,
2017-03-14,9159.0,
2017-03-15,7872.0,
2017-03-16,6894.0,
2017-03-17,6641.0,
2017-03-18,4399.0,
2017-03-19,2329.0,
2017-03-20,7618.0,
2017-03-21,6785.0,
2017-03-22,11904.0,
2017-03-23,7093.0,
2017-03-24,12669.0,
2017-03-25,7089.0,
2017-03-26,5882.0,
2017-03-27,8016.0,
2017-03-28,10908.0,
2017-03-29,11271.0,
2017-03-30,9473.0,
2017-03-31,13390.0,
2017-04-01,11319.0,
2017-04-02,7226.0,
2017-04-03,11466.0,
2017-04-04,12408.0,
2017-04-05,7231.0,
2017-04-06,7392.0,
2017-04-07,5776.0,
2017-04-08,7274.0,
2017-04-09,11225.0,
2017-04-10,9534.0,
2017-04-11,9834.0,
2017-04-12,10470.0,
2017-04-13,9746.0,
2017-04-14,14222.0,
2017-04-15,14143.0,
2017-04-16,7158.0,
2017-04-17,8862.0,
2017-04-18,9646.0,
2017-04-19,6189.0,
2017-04-20,6687.0,
2017-04-21,6302.0,
2017-04-22,6934.0,
2017-04-23,4164.0,
2017-04-24,14028.0,
2017-04-25,14726.0,
2017-04-26,7126.0,
2017-04-27,11492.0,
2017-04-28,6034.0,
2017-04-29,10573.0,
2017-04-30,9166.0,
2017-05-01,6754.0,
2017-05-02,2321.0,
2017-05-03,4817.0,
2017-05-04,7199.0,
2017-05-05,7200.0,
2017-05-06,1510.0,
2017-05-07,0.0,
2017-05-08,3203.0,
2017-05-09,3992.0,
2017-05-10,18001.0,
2017-05-11,11213.0,
2017-05-12,6018.0,
2017-05-13,7220.0,
2017-05-14,9453.0,
2017-05-15,7750.0,
2017-05-16,5588.0,
2017-05-17,25542.0,
2017-05-18,17007.0,
2017-05-19,24638.0,
2017-05-20,6358.0,
2017-05-21,4055.0,
2017-05-22,1755.0,
2017-05-23,8420.0,
2017-05-24,1591.0,
2017-05-25,4849.0,
2017-05-26,1338.0,
2017-05-27,5331.0,
2017-05-28,2269.0,
2017-05-29,4610.0,
2017-05-30,16975.0,
2017-05-31,5014.0,
2017-06-01,8661.0,
2017-06-02,15036.0,
2017-06-03,24983.0,
2017-06-04,2973.0,
2017-06-05,9840.0,
2017-06-06,19292.0,
2017-06-07,7519.0,
2017-06-08,15285.0,
2017-06-09,15528.0,
2017-06-10,15143.0,
2017-06-11,24788.0,
2017-06-12,16634.0,
2017-06-13,10067.0,
2017-06-14,8239.0,
2017-06-15,2718.0,
2017-06-16,12927.0,
2017-06-17,33374.0,
2017-06-18,13415.0,
2017-06-19,7659.0,
2017-06-20,6963.0,
2017-06-21,13388.0,
2017-06-22,5959.0,
2017-06-23,11060.0,
2017-06-24,18098.0,
2017-06-25,7308.0,
2017-06-26,3055.0,
2017-06-27,11222.0,
2017-06-28,7740.0,
2017-06-29,8208.0,
2017-06-30,10311.0,
2017-07-01,42291.0,London with Titouan
2017-07-02,30980.0,London with Titouan
2017-07-03,13064.0,Wimbledon
2017-07-04,5672.0,
2017-07-05,6145.0,
2017-07-06,12239.0,
2017-07-07,21078.0,
2017-07-08,9344.0,
2017-07-09,18991.0,
2017-07-10,5787.0,
2017-07-11,6146.0,
2017-07-12,9283.0,
2017-07-13,10236.0,
2017-07-14,10364.0,
2017-07-15,47889.0,
2017-07-16,7053.0,
2017-07-17,5068.0,
2017-07-18,6892.0,
2017-07-19,14370.0,
2017-07-20,6786.0,
2017-07-21,11863.0,
2017-07-22,17363.0,
2017-07-23,8336.0,
2017-07-24,11590.0,
2017-07-25,5226.0,
2017-07-26,9421.0,
2017-07-27,8641.0,
2017-07-28,10762.0,
2017-07-29,30670.0,
2017-07-30,13387.0,
2017-07-31,5471.0,
2017-08-01,7691.0,
2017-08-02,5225.0,
2017-08-03,9874.0,
2017-08-04,8259.0,
2017-08-05,5457.0,
2017-08-06,13915.0,
2017-08-07,11380.0,
2017-08-08,8746.0,
2017-08-09,14320.0,
2017-08-10,8238.0,
2017-08-11,9990.0,
2017-08-12,14384.0,
2017-08-13,12622.0,
2017-08-14,7782.0,
2017-08-15,7567.0,
2017-08-16,2153.0,
2017-08-17,3363.0,
2017-08-18,4338.0,
2017-08-19,3904.0,
2017-08-20,3867.0,
2017-08-21,884.0,
2017-08-22,7999.0,
2017-08-23,7713.0,
2017-08-24,5286.0,
2017-08-25,8227.0,
2017-08-26,8868.0,
2017-08-27,13041.0,
2017-08-28,4667.0,
2017-08-29,953.0,
2017-08-30,12834.0,
2017-08-31,15157.0,
2017-09-01,15047.0,
2017-09-02,5851.0,
2017-09-03,11462.0,
2017-09-04,13745.0,
2017-09-05,9494.0,
2017-09-06,7381.0,
2017-09-07,12830.0,
2017-09-08,11624.0,
2017-09-09,12929.0,
2017-09-10,7412.0,
2017-09-11,10505.0,
2017-09-12,12530.0,
2017-09-13,10436.0,
2017-09-14,9577.0,
2017-09-15,8632.0,
2017-09-16,11580.0,
2017-09-17,8812.0,
2017-09-18,9675.0,
2017-09-19,9788.0,
2017-09-20,13233.0,
2017-09-21,10606.0,
2017-09-22,7244.0,
2017-09-23,5609.0,
2017-09-24,10191.0,
2017-09-25,10996.0,
2017-09-26,10370.0,
2017-09-27,8541.0,
2017-09-28,11749.0,
2017-09-29,5531.0,
2017-09-30,16365.0,
2017-10-01,5756.0,
2017-10-02,8442.0,
2017-10-03,11163.0,
2017-10-04,11572.0,
2017-10-05,10346.0,
2017-10-06,8894.0,
2017-10-07,17882.0,
2017-10-08,5442.0,
2017-10-09,7453.0,
2017-10-10,11271.0,
2017-10-11,8481.0,
2017-10-12,10806.0,
2017-10-13,10910.0,
2017-10-14,15999.0,
2017-10-15,5256.0,
2017-10-16,2151.0,
2017-10-17,6797.0,
2017-10-18,14015.0,
2017-10-19,9164.0,
2017-10-20,17999.0,
2017-10-21,12394.0,
2017-10-22,7004.0,
2017-10-23,6983.0,
2017-10-24,10756.0,
2017-10-25,10738.0,
2017-10-26,12557.0,
2017-10-27,8652.0,
2017-10-28,14913.0,
2017-10-29,2361.0,
2017-10-30,10804.0,
2017-10-31,11998.0,
2017-11-01,7847.0,
2017-11-02,6462.0,
2017-11-03,17229.0,
2017-11-04,25494.0,
2017-11-05,13452.0,
2017-11-06,10104.0,
2017-11-07,11283.0,
2017-11-08,7513.0,
2017-11-09,8300.0,
2017-11-10,6124.0,
2017-11-11,3990.0,
2017-11-12,4280.0,
2017-11-13,7149.0,
2017-11-14,9189.0,
2017-11-15,7723.0,
2017-11-16,9200.0,
2017-11-17,4001.0,
2017-11-18,13784.0,
2017-11-19,1292.0,
2017-11-20,11063.0,
2017-11-21,12207.0,
2017-11-22,5361.0,
2017-11-23,1170.0,
2017-11-24,3090.0,
2017-11-25,10875.0,
2017-11-26,9271.0,
2017-11-27,8838.0,
2017-11-28,8614.0,
2017-11-29,7979.0,
2017-11-30,7098.0,
2017-12-01,14007.0,
2017-12-02,11054.0,
2017-12-03,11550.0,
2017-12-04,7868.0,
2017-12-05,8996.0,
2017-12-06,6885.0,
2017-12-07,10252.0,
2017-12-08,15374.0,
2017-12-09,6656.0,
2017-12-10,7152.0,
2017-12-11,9039.0,
2017-12-12,8369.0,
2017-12-13,9472.0,
2017-12-14,7432.0,
2017-12-15,6673.0,
2017-12-16,8787.0,
2017-12-17,9873.0,
2017-12-18,6544.0,
2017-12-19,8483.0,
2017-12-20,9660.0,
2017-12-21,8358.0,
2017-12-22,4909.0,
2017-12-23,6562.0,
2017-12-24,3432.0,
2017-12-25,3787.0,
2017-12-26,4757.0,
2017-12-27,2738.0,
2017-12-28,7174.0,
2017-12-29,6099.0,
2017-12-30,3034.0,
2017-12-31,8469.0,
2018-01-01,5285.0,
2018-01-02,13212.0,
2018-01-03,5455.0,
2018-01-04,8826.0,
2018-01-05,7252.0,
2018-01-06,2898.0,
2018-01-07,8201.0,
2018-01-08,10490.0,
2018-01-09,10898.0,
2018-01-10,5057.0,
2018-01-11,9834.0,
2018-01-12,7303.0,
2018-01-13,4252.0,
2018-01-14,6324.0,
2018-01-15,5398.0,
2018-01-16,10673.0,
2018-01-17,11586.0,
2018-01-18,13148.0,
2018-01-19,6978.0,
2018-01-20,9731.0,
2018-01-21,4956.0,
2018-01-22,6272.0,
2018-01-23,9463.0,
2018-01-24,4837.0,
2018-01-25,6773.0,
2018-01-26,7285.0,
2018-01-27,4823.0,
2018-01-28,4509.0,
2018-01-29,4653.0,
2018-01-30,12409.0,
2018-01-31,8017.0,
2018-02-01,11495.0,
2018-02-02,14817.0,
2018-02-03,4380.0,
2018-02-04,7615.0,
2018-02-05,5348.0,
2018-02-06,11562.0,
2018-02-07,5498.0,
2018-02-08,8793.0,
2018-02-09,3738.0,
2018-02-10,3938.0,
2018-02-11,2931.0,
2018-02-12,5468.0,
2018-02-13,11574.0,
2018-02-14,4126.0,
2018-02-15,9393.0,
2018-02-16,4599.0,
2018-02-17,9804.0,
2018-02-18,9578.0,
2018-02-19,8618.0,
2018-02-20,11381.0,
2018-02-21,6628.0,
2018-02-22,5684.0,
2018-02-23,9966.0,
2018-02-24,9080.0,
2018-02-25,5907.0,
2018-02-26,5390.0,
2018-02-27,3045.0,
2018-02-28,7212.0,
2018-03-01,127.0,
2018-03-02,8835.0,
2018-03-03,8259.0,
2018-03-04,5937.0,
2018-03-05,6210.0,
2018-03-06,11178.0,
2018-03-07,7058.0,
2018-03-08,7064.0,
2018-03-09,4806.0,
2018-03-10,5503.0,
2018-03-11,6069.0,
2018-03-12,4165.0,
2018-03-13,11570.0,
2018-03-14,6164.0,
2018-03-15,9714.0,
2018-03-16,8479.0,
2018-03-17,3991.0,
2018-03-18,7347.0,
2018-03-19,8167.0,
2018-03-20,10046.0,
2018-03-21,9540.0,
2018-03-22,11491.0,
2018-03-23,5176.0,
2018-03-24,4525.0,
2018-03-25,3360.0,
2018-03-26,4982.0,
2018-03-27,11221.0,
2018-03-28,9425.0,
2018-03-29,9026.0,
2018-03-30,7745.0,
2018-03-31,8109.0,
2018-04-01,6620.0,
2018-04-02,4006.0,
2018-04-03,8817.0,
2018-04-04,7397.0,
2018-04-05,10092.0,
2018-04-06,9929.0,
2018-04-07,7737.0,
2018-04-08,4727.0,
2018-04-09,6569.0,
2018-04-10,11875.0,
2018-04-11,10748.0,
2018-04-12,8478.0,
2018-04-13,8095.0,
2018-04-14,2639.0,
2018-04-15,6143.0,
2018-04-16,9762.0,
2018-04-17,12836.0,
2018-04-18,8020.0,
2018-04-19,6310.0,
2018-04-20,7763.0,
2018-04-21,4271.0,
2018-04-22,2369.0,
2018-04-23,7900.0,
2018-04-24,6179.0,
2018-04-25,7473.0,
2018-04-26,8932.0,
2018-04-27,10176.0,
2018-04-28,9992.0,
2018-04-29,10825.0,
2018-04-30,10162.0,
2018-05-01,3796.0,
2018-05-02,2608.0,
2018-05-03,21077.0,
2018-05-04,24683.0,
2018-05-05,24225.0,
2018-05-06,26917.0,
2018-05-07,8904.0,
2018-05-08,12746.0,
2018-05-09,10105.0,
2018-05-10,18180.0,
2018-05-11,5967.0,
2018-05-12,7271.0,
2018-05-13,2149.0,
2018-05-14,11102.0,
2018-05-15,9108.0,
2018-05-16,7624.0,
2018-05-17,10744.0,
2018-05-18,7152.0,
2018-05-19,7633.0,
2018-05-20,7853.0,
2018-05-21,11140.0,
2018-05-22,8537.0,
2018-05-23,9899.0,
2018-05-24,9321.0,
2018-05-25,16925.0,
2018-05-26,6238.0,
2018-05-27,8676.0,
2018-05-28,2669.0,
2018-05-29,8539.0,
2018-05-30,9047.0,
2018-05-31,8164.0,
2018-06-01,8565.0,
2018-06-02,5005.0,
2018-06-03,2380.0,
2018-06-04,12104.0,
2018-06-05,10825.0,
2018-06-06,1443.0,
2018-06-07,13984.0,
2018-06-08,7044.0,
2018-06-09,3319.0,
2018-06-10,7537.0,
2018-06-11,16801.0,
2018-06-12,10158.0,
2018-06-13,14399.0,
2018-06-14,16509.0,
2018-06-15,24866.0,
2018-06-16,5309.0,
2018-06-17,7044.0,
2018-06-18,3701.0,
2018-06-19,11952.0,
2018-06-20,9157.0,
2018-06-21,11042.0,
2018-06-22,14877.0,
2018-06-23,15240.0,
2018-06-24,11236.0,
2018-06-25,8981.0,
2018-06-26,11717.0,
2018-06-27,10831.0,
2018-06-28,11132.0,
2018-06-29,9812.0,
2018-06-30,2435.0,
2018-07-01,4799.0,
2018-07-02,7920.0,
2018-07-03,13442.0,
2018-07-04,6493.0,
2018-07-05,4467.0,
2018-07-06,8563.0,
2018-07-07,683.0,
2018-07-08,4567.0,
2018-07-09,4937.0,
2018-07-10,2927.0,
2018-07-11,5239.0,
2018-07-12,3129.0,
2018-07-13,2886.0,
2018-07-14,6480.0,
2018-07-15,6978.0,
2018-07-16,1357.0,
2018-07-17,3799.0,
2018-07-18,2311.0,
2018-07-19,3581.0,
2018-07-20,5983.0,
2018-07-21,11887.0,
2018-07-22,16255.0,
2018-07-23,8917.0,
2018-07-24,8664.0,
2018-07-25,4331.0,
2018-07-26,9687.0,
2018-07-27,7623.0,
2018-07-28,9996.0,
2018-07-29,14151.0,
2018-07-30,9636.0,
2018-07-31,19938.0,
2018-08-01,8387.0,
2018-08-02,9927.0,
2018-08-03,8315.0,
2018-08-04,27044.0,
2018-08-05,4441.0,
2018-08-06,825.0,
2018-08-07,9685.0,
2018-08-08,6786.0,
2018-08-09,7790.0,
2018-08-10,14979.0,
2018-08-11,8714.0,
2018-08-12,3039.0,
2018-08-13,7021.0,
2018-08-14,5933.0,
2018-08-15,1802.0,
2018-08-16,10785.0,
2018-08-17,11436.0,
2018-08-18,7654.0,
2018-08-19,6767.0,
2018-08-20,6661.0,
2018-08-21,4970.0,
2018-08-22,6726.0,
2018-08-23,5958.0,
2018-08-24,13714.0,
2018-08-25,10048.0,
2018-08-26,4701.0,
2018-08-27,10898.0,
2018-08-28,8727.0,
2018-08-29,5450.0,
2018-08-30,4531.0,
2018-08-31,5091.0,
2018-09-01,9449.0,
2018-09-02,16359.0,
2018-09-03,8726.0,
2018-09-04,8415.0,
2018-09-05,4418.0,
2018-09-06,4902.0,
2018-09-07,10065.0,
2018-09-08,11959.0,
2018-09-09,7309.0,
2018-09-10,7352.0,
2018-09-11,10445.0,
2018-09-12,4346.0,
2018-09-13,10847.0,
2018-09-14,7593.0,
2018-09-15,11633.0,
2018-09-16,13789.0,
2018-09-17,8797.0,
2018-09-18,8244.0,
2018-09-19,5345.0,
2018-09-20,7509.0,
2018-09-21,9650.0,
2018-09-22,7203.0,
2018-09-23,6823.0,
2018-09-24,11792.0,
2018-09-25,4900.0,
2018-09-26,9640.0,
2018-09-27,4810.0,
2018-09-28,12054.0,
2018-09-29,16344.0,
2018-09-30,12509.0,
2018-10-01,11175.0,
2018-10-02,5785.0,
2018-10-03,8432.0,
2018-10-04,6702.0,
2018-10-05,12565.0,
2018-10-06,3579.0,
2018-10-07,23708.0,
2018-10-08,0.0,
2018-10-09,0.0,
2018-10-10,0.0,
2018-10-11,4202.0,
2018-10-12,5563.0,
2018-10-13,0.0,
2018-10-14,5037.0,
2018-10-15,0.0,
2018-10-16,0.0,
2018-10-17,0.0,
2018-10-18,0.0,
2018-10-19,0.0,
2018-10-20,0.0,
2018-10-21,0.0,
2018-10-22,3054.0,
2018-10-23,10542.0,
2018-10-24,0.0,
2018-10-25,5959.0,
2018-10-26,5926.0,
2018-10-27,3829.0,
2018-10-28,6008.0,
2018-10-29,0.0,
2018-10-30,0.0,
2018-10-31,0.0,
2018-11-01,0.0,
2018-11-02,0.0,
2018-11-03,2203.0,
2018-11-04,7152.0,
2018-11-05,0.0,
2018-11-06,0.0,
2018-11-07,0.0,
2018-11-08,0.0,
2018-11-09,0.0,
2018-11-10,6224.0,
2018-11-11,0.0,
2018-11-12,0.0,
2018-11-13,0.0,
2018-11-14,0.0,
2018-11-15,0.0,
2018-11-16,0.0,
2018-11-17,0.0,
2018-11-18,13705.0,
2018-11-19,4984.0,
2018-11-20,10241.0,
2018-11-21,0.0,
2018-11-22,6769.0,
2018-11-23,0.0,
2018-11-24,0.0,
2018-11-25,6468.0,
2018-11-26,0.0,
2018-11-27,0.0,
2018-11-28,0.0,
2018-11-29,205.0,
2018-11-30,13764.0,
2018-12-01,38264.0,
2018-12-02,16571.0,
2018-12-03,8159.0,
2018-12-04,0.0,
2018-12-05,0.0,
2018-12-06,0.0,
2018-12-07,0.0,
2018-12-08,0.0,
2018-12-09,5289.0,
2018-12-10,0.0,
2018-12-11,0.0,
2018-12-12,0.0,
2018-12-13,0.0,
2018-12-14,0.0,
2018-12-15,19.0,
2018-12-16,6540.0,
2018-12-17,0.0,
2018-12-18,3945.0,
2018-12-19,5589.0,
2018-12-20,10130.0,
2018-12-21,8632.0,
2018-12-22,2099.0,
2018-12-23,8363.0,
2018-12-24,25128.0,
2018-12-25,10203.0,
2018-12-26,21152.0,
2018-12-27,13427.0,
2018-12-28,7815.0,
2018-12-29,0.0,
2018-12-30,0.0,
2018-12-31,0.0,
2019-01-01,0.0,
2019-01-02,0.0,
2019-01-03,0.0,
2019-01-04,0.0,
2019-01-05,0.0,
2019-01-06,23223.0,
2019-01-07,0.0,
2019-01-08,0.0,
2019-01-09,5051.0,
2019-01-10,0.0,
2019-01-11,0.0,
2019-01-12,17428.0,
2019-01-13,11802.0,
2019-01-14,6662.0,
2019-01-15,8298.0,
2019-01-16,5208.0,
2019-01-17,5423.0,
2019-01-18,8139.0,
2019-01-19,1433.0,
2019-01-20,17748.0,
2019-01-21,6253.0,
2019-01-22,5576.0,
2019-01-23,7133.0,
2019-01-24,7954.0,
2019-01-25,7975.0,
2019-01-26,13360.0,
2019-01-27,11100.0,
2019-01-28,4978.0,
2019-01-29,4574.0,
2019-01-30,8966.0,
2019-01-31,4807.0,
2019-02-01,8704.0,
2019-02-02,8019.0,
2019-02-03,8812.0,
2019-02-04,7638.0,
2019-02-05,11906.0,
2019-02-06,9027.0,
2019-02-07,9468.0,
2019-02-08,14037.0,
2019-02-09,28320.0,
2019-02-10,11398.0,
2019-02-11,4753.0,
2019-02-12,6821.0,
2019-02-13,8825.0,
2019-02-14,10346.0,
2019-02-15,15210.0,
2019-02-16,22014.0,
2019-02-17,10440.0,
2019-02-18,6724.0,
2019-02-19,10341.0,
2019-02-20,9674.0,
2019-02-21,11231.0,
2019-02-22,10433.0,
2019-02-23,20588.0,
2019-02-24,11184.0,
2019-02-25,4698.0,
2019-02-26,8463.0,
2019-02-27,10970.0,
2019-02-28,9149.0,
2019-03-01,13445.0,
2019-03-02,30235.0,
2019-03-03,16928.0,
2019-03-04,4757.0,
2019-03-05,5708.0,
2019-03-06,11189.0,
2019-03-07,8344.0,
2019-03-08,10915.0,
2019-03-09,23859.0,
2019-03-10,3714.0,
2019-03-11,8282.0,
2019-03-12,8544.0,
2019-03-13,4592.0,
2019-03-14,12409.0,
2019-03-15,12950.0,
2019-03-16,16422.0,
2019-03-17,17482.0,
2019-03-18,7040.0,
2019-03-19,7535.0,
2019-03-20,11053.0,
2019-03-21,8666.0,
2019-03-22,9689.0,
2019-03-23,17578.0,
2019-03-24,12942.0,
2019-03-25,5587.0,
2019-03-26,11722.0,
2019-03-27,5046.0,
2019-03-28,4394.0,
2019-03-29,11855.0,
2019-03-30,24746.0,
2019-03-31,13969.0,
2019-04-01,4487.0,
2019-04-02,6795.0,
2019-04-03,11532.0,
2019-04-04,13242.0,
2019-04-05,7978.0,
2019-04-06,29279.0,
2019-04-07,9134.0,
2019-04-08,7191.0,
2019-04-09,4918.0,
2019-04-10,10782.0,
2019-04-11,7729.0,
2019-04-12,11793.0,
2019-04-13,6860.0,
2019-04-14,9764.0,
2019-04-15,5570.0,
2019-04-16,11278.0,
2019-04-17,13073.0,
2019-04-18,8836.0,
2019-04-19,17164.0,
2019-04-20,7025.0,
2019-04-21,8909.0,
2019-04-22,5546.0,
2019-04-23,9344.0,
2019-04-24,11579.0,
2019-04-25,6294.0,
2019-04-26,8154.0,
2019-04-27,15655.0,
2019-04-28,12128.0,
2019-04-29,561.0,
2019-04-30,5376.0,
2019-05-01,12346.0,
2019-05-02,8820.0,
2019-05-03,10361.0,
2019-05-04,23783.0,
2019-05-05,4758.0,
2019-05-06,7266.0,
2019-05-07,13676.0,
2019-05-08,13824.0,
2019-05-09,5789.0,
2019-05-10,20136.0,
2019-05-11,17758.0,
2019-05-12,4166.0,
2019-05-13,5303.0,
2019-05-14,8401.0,
2019-05-15,17595.0,
2019-05-16,8066.0,
2019-05-17,12361.0,
2019-05-18,32341.0,
2019-05-19,28630.0,
2019-05-20,5036.0,
2019-05-21,19213.0,
2019-05-22,10940.0,
2019-05-23,6571.0,
2019-05-24,9926.0,
2019-05-25,33487.0,
2019-05-26,18149.0,
2019-05-27,21367.0,
2019-05-28,4560.0,
2019-05-29,10755.0,
2019-05-30,8806.0,
2019-05-31,11877.0,
2019-06-01,13264.0,
2019-06-02,21339.0,
2019-06-03,9928.0,
2019-06-04,13283.0,
2019-06-05,9724.0,
2019-06-06,9176.0,
2019-06-07,11848.0,
2019-06-08,37209.0,
2019-06-09,14899.0,
2019-06-10,4805.0,
2019-06-11,8590.0,
2019-06-12,12288.0,
2019-06-13,10741.0,
2019-06-14,8792.0,
2019-06-15,22921.0,
2019-06-16,15114.0,
2019-06-17,10016.0,
2019-06-18,12013.0,
2019-06-19,5566.0,
2019-06-20,9400.0,
2019-06-21,12424.0,
2019-06-22,28954.0,
2019-06-23,20061.0,
2019-06-24,6921.0,
2019-06-25,7262.0,
2019-06-26,5159.0,
2019-06-27,11523.0,
2019-06-28,11872.0,
2019-06-29,12939.0,
2019-06-30,23310.0,
2019-07-01,11046.0,
2019-07-02,5168.0,
2019-07-03,15142.0,
2019-07-04,6804.0,
2019-07-05,22567.0,
2019-07-06,19799.0,
2019-07-07,18480.0,
2019-07-08,8740.0,
2019-07-09,11595.0,
2019-07-10,6692.0,
2019-07-11,5030.0,
2019-07-12,15629.0,
2019-07-13,9385.0,
2019-07-14,12806.0,
2019-07-15,19881.0,
2019-07-16,8913.0,
2019-07-17,6694.0,
2019-07-18,8752.0,
2019-07-19,17078.0,
2019-07-20,47415.0,Augustin in NYC. 100 degree weather
2019-07-21,47517.0,Augustin in NYC. 100 degree weather
2019-07-22,6732.0,
2019-07-23,10296.0,
2019-07-24,10337.0,
2019-07-25,10121.0,
2019-07-26,12152.0,
2019-07-27,14955.0,
2019-07-28,15065.0,
2019-07-29,10470.0,
2019-07-30,4999.0,
2019-07-31,7541.0,
2019-08-01,16023.0,
2019-08-02,9172.0,
2019-08-03,14021.0,
2019-08-04,10795.0,
2019-08-05,8191.0,
2019-08-06,11495.0,
2019-08-07,5688.0,
2019-08-08,12965.0,
2019-08-09,9298.0,
2019-08-10,7854.0,
2019-08-11,27026.0,
2019-08-12,6376.0,
2019-08-13,12263.0,
2019-08-14,8808.0,
2019-08-15,16751.0,
2019-08-16,9364.0,
2019-08-17,11307.0,
2019-08-18,8955.0,
2019-08-19,6985.0,
2019-08-20,25732.0,
2019-08-21,14945.0,
2019-08-22,23915.0,
2019-08-23,12980.0,
2019-08-24,16078.0,
2019-08-25,23949.0,
2019-08-26,17956.0,
2019-08-27,8021.0,
2019-08-28,9577.0,
2019-08-29,10368.0,
2019-08-30,10855.0,
2019-08-31,14636.0,
2019-09-01,20902.0,
2019-09-02,6425.0,
2019-09-03,9630.0,
2019-09-04,9614.0,
2019-09-05,15367.0,
2019-09-06,22445.0,
2019-09-07,24364.0,
2019-09-08,17505.0,
2019-09-09,6584.0,
2019-09-10,11728.0,
2019-09-11,4501.0,
2019-09-12,8411.0,
2019-09-13,7577.0,
2019-09-14,39644.0,
2019-09-15,2643.0,
2019-09-16,5539.0,
2019-09-17,5827.0,
2019-09-18,6185.0,
2019-09-19,10123.0,
2019-09-20,7566.0,
2019-09-21,16454.0,
2019-09-22,3862.0,
2019-09-23,7285.0,
2019-09-24,4146.0,
2019-09-25,5725.0,
2019-09-26,5140.0,
2019-09-27,4275.0,
2019-09-28,6657.0,
2019-09-29,6456.0,
2019-09-30,14008.0,
2019-10-01,2972.0,
2019-10-02,6083.0,
2019-10-03,9431.0,
2019-10-04,2640.0,
2019-10-05,7011.0,
2019-10-06,6973.0,
2019-10-07,5798.0,
2019-10-08,7028.0,
2019-10-09,4465.0,
2019-10-10,5547.0,
2019-10-11,5385.0,
2019-10-12,933.0,
2019-10-13,17399.0,
2019-10-14,6155.0,
2019-10-15,6267.0,
2019-10-16,9285.0,
2019-10-17,5066.0,
2019-10-18,17823.0,
2019-10-19,18761.0,
2019-10-20,3350.0,
2019-10-21,6031.0,
2019-10-22,286.0,
2019-10-23,4043.0,
2019-10-24,6445.0,
2019-10-25,10872.0,
2019-10-26,13882.0,
2019-10-27,17201.0,
2019-10-28,6590.0,
2019-10-29,4796.0,
2019-10-30,5621.0,
2019-10-31,8742.0,
2019-11-01,458.0,
2019-11-02,2518.0,
2019-11-03,4583.0,
2019-11-04,7057.0,
2019-11-05,5153.0,
2019-11-06,6675.0,
2019-11-07,5646.0,
2019-11-08,7307.0,
2019-11-09,21487.0,
2019-11-10,20957.0,
2019-11-11,7102.0,
2019-11-12,8017.0,
2019-11-13,4761.0,
2019-11-14,11036.0,
2019-11-15,6817.0,
2019-11-16,12840.0,
2019-11-17,10057.0,
2019-11-18,3579.0,
2019-11-19,8270.0,
2019-11-20,8032.0,
2019-11-21,5995.0,
2019-11-22,10958.0,
2019-11-23,14236.0,
2019-11-24,4848.0,
2019-11-25,6174.0,
2019-11-26,466.0,
2019-11-27,7815.0,
2019-11-28,1837.0,
2019-11-29,1765.0,
2019-11-30,9088.0,
2019-12-01,5707.0,
2019-12-02,7508.0,
2019-12-03,5451.0,
2019-12-04,9193.0,
2019-12-05,4962.0,
2019-12-06,11748.0,
2019-12-07,3373.0,
2019-12-08,11123.0,
2019-12-09,8487.0,
2019-12-10,5412.0,
2019-12-11,387.0,
2019-12-12,4638.0,
2019-12-13,10095.0,
2019-12-14,15149.0,
2019-12-15,9855.0,
2019-12-16,5064.0,
2019-12-17,9328.0,
2019-12-18,9383.0,
2019-12-19,8395.0,
2019-12-20,4111.0,
2019-12-21,7187.0,
2019-12-22,347.0,
2019-12-23,168.0,
2019-12-24,1491.0,
2019-12-25,54.0,
2019-12-26,188.0,
2019-12-27,1541.0,
2019-12-28,2978.0,
2019-12-29,8645.0,
2019-12-30,5752.0,
2019-12-31,13796.0,
2020-01-01,7701.0,
2020-01-02,5654.0,
2020-01-03,8926.0,
2020-01-04,8100.0,
2020-01-05,13215.0,
2020-01-06,9557.0,
2020-01-07,9395.0,
2020-01-08,6917.0,
2020-01-09,5321.0,
2020-01-10,17610.0,
2020-01-11,19578.0,
2020-01-12,28589.0,
2020-01-13,5560.0,
2020-01-14,5038.0,
2020-01-15,9294.0,
2020-01-16,4773.0,
2020-01-17,9788.0,
2020-01-18,8837.0,
2020-01-19,16657.0,
2020-01-20,6167.0,
2020-01-21,4929.0,
2020-01-22,9752.0,
2020-01-23,7214.0,
2020-01-24,4665.0,
2020-01-25,9289.0,
2020-01-26,6389.0,
2020-01-27,4984.0,
2020-01-28,5504.0,
2020-01-29,10026.0,
2020-01-30,9450.0,
2020-01-31,5621.0,
2020-02-01,12750.0,
2020-02-02,9542.0,
2020-02-03,4890.0,
2020-02-04,4920.0,
2020-02-05,9364.0,
2020-02-06,5692.0,
2020-02-07,6743.0,
2020-02-08,9206.0,
2020-02-09,21723.0,
2020-02-10,6318.0,
2020-02-11,12394.0,
2020-02-12,10172.0,
2020-02-13,9327.0,
2020-02-14,8059.0,
2020-02-15,8228.0,
2020-02-16,11659.0,
2020-02-17,22334.0,
2020-02-18,7197.0,
2020-02-19,9935.0,
2020-02-20,6192.0,
2020-02-21,12964.0,
2020-02-22,5284.0,
2020-02-23,31050.0,
2020-02-24,5104.0,
2020-02-25,5613.0,
2020-02-26,9427.0,
2020-02-27,5826.0,
2020-02-28,4817.0,
2020-02-29,5745.0,
2020-03-01,21619.0,
2020-03-02,8960.0,
2020-03-03,3080.0,
2020-03-04,10137.0,
2020-03-05,5032.0,
2020-03-06,2835.0,
2020-03-07,2613.0,
2020-03-08,7177.0,
2020-03-09,3220.0,
2020-03-10,4588.0,
2020-03-11,5204.0,
2020-03-12,5325.0,
2020-03-13,923.0,
2020-03-14,1971.0,
2020-03-15,1720.0,
2020-03-16,431.0,
2020-03-17,3088.0,
2020-03-18,469.0,
2020-03-19,386.0,
2020-03-20,933.0,
2020-03-21,4726.0,
2020-03-22,2197.0,
2020-03-23,2970.0,
2020-03-24,1306.0,
2020-03-25,4205.0,
2020-03-26,1395.0,
2020-03-27,5031.0,
2020-03-28,12691.0,
2020-03-29,4104.0,
2020-03-30,1445.0,
2020-03-31,7647.0,
2020-04-01,2040.0,
2020-04-02,1999.0,
2020-04-03,1109.0,
2020-04-04,15246.0,
2020-04-05,5038.0,
2020-04-06,1643.0,
2020-04-07,555.0,
2020-04-08,1253.0,
2020-04-09,3263.0,
2020-04-10,1330.0,
2020-04-11,4175.0,
2020-04-12,18116.0,
2020-04-13,1143.0,
2020-04-14,5219.0,
2020-04-15,1369.0,
2020-04-16,1133.0,
2020-04-17,938.0,
2020-04-18,1118.0,
2020-04-19,6064.0,
2020-04-20,1404.0,
2020-04-21,911.0,
2020-04-22,1598.0,
2020-04-23,2918.0,
2020-04-24,1168.0,
2020-04-25,17460.0,
2020-04-26,2226.0,
2020-04-27,919.0,
2020-04-28,7001.0,
2020-04-29,1402.0,
2020-04-30,1197.0,
2020-05-01,1226.0,
2020-05-02,13476.0,
2020-05-03,6156.0,
2020-05-04,2050.0,
2020-05-05,4674.0,
2020-05-06,2668.0,
2020-05-07,1839.0,
2020-05-08,1015.0,
2020-05-09,2435.0,
2020-05-10,2496.0,
2020-05-11,1363.0,
2020-05-12,512.0,
2020-05-13,3696.0,
2020-05-14,7690.0,
2020-05-15,1441.0,
2020-05-16,4707.0,
2020-05-17,2852.0,
2020-05-18,1445.0,
2020-05-19,5248.0,
2020-05-20,4008.0,
2020-05-21,5009.0,
2020-05-22,2172.0,
2020-05-23,1270.0,
2020-05-24,16494.0,
2020-05-25,7840.0,
2020-05-26,4534.0,
2020-05-27,1206.0,
2020-05-28,2329.0,
2020-05-29,1148.0,
2020-05-30,1288.0,
2020-05-31,11325.0,
2020-06-01,2633.0,
2020-06-02,8990.0,
2020-06-03,9004.0,
2020-06-04,1718.0,
2020-06-05,1085.0,
2020-06-06,13206.0,
2020-06-07,14179.0,
2020-06-08,2411.0,
2020-06-09,3362.0,
2020-06-10,1320.0,
2020-06-11,1381.0,
2020-06-12,4391.0,
2020-06-13,5251.0,
2020-06-14,812.0,
2020-06-15,1521.0,
2020-06-16,3825.0,
2020-06-17,1290.0,
2020-06-18,1269.0,
2020-06-19,908.0,
2020-06-20,2545.0,
2020-06-21,8034.0,
2020-06-22,1277.0,
2020-06-23,5251.0,
2020-06-24,1376.0,
2020-06-25,890.0,
2020-06-26,1692.0,
2020-06-27,2799.0,
2020-06-28,6146.0,
2020-06-29,1488.0,
2020-06-30,648.0,
2020-07-01,1058.0,
2020-07-02,3512.0,
2020-07-03,1243.0,
2020-07-04,303.0,
2020-07-05,16301.0,
2020-07-06,1333.0,
2020-07-07,3003.0,
2020-07-08,1357.0,
2020-07-09,1580.0,
2020-07-10,1642.0,
2020-07-11,2214.0,
2020-07-12,1906.0,
2020-07-13,907.0,
2020-07-14,2045.0,
2020-07-15,1710.0,
2020-07-16,6412.0,
2020-07-17,2255.0,
2020-07-18,1073.0,
2020-07-19,11715.0,
2020-07-20,2199.0,
2020-07-21,2834.0,
2020-07-22,906.0,
2020-07-23,5054.0,
2020-07-24,4497.0,
2020-07-25,13614.0,
2020-07-26,476.0,
2020-07-27,4656.0,
2020-07-28,3153.0,
2020-07-29,973.0,
2020-07-30,951.0,
2020-07-31,686.0,
2020-08-01,12922.0,
2020-08-02,1423.0,
2020-08-03,5188.0,
2020-08-04,1079.0,
2020-08-05,5012.0,
2020-08-06,1119.0,
2020-08-07,7197.0,
2020-08-08,645.0,
2020-08-09,16570.0,
2020-08-10,631.0,
2020-08-11,4594.0,
2020-08-12,1377.0,
2020-08-13,4966.0,
2020-08-14,3787.0,
2020-08-15,1219.0,
2020-08-16,3809.0,
2020-08-17,1708.0,
2020-08-18,1591.0,
2020-08-19,2029.0,
2020-08-20,2444.0,
2020-08-21,2627.0,
2020-08-22,14952.0,
2020-08-23,3442.0,
2020-08-24,803.0,
2020-08-25,1658.0,
2020-08-26,2682.0,
2020-08-27,11806.0,
2020-08-28,1374.0,
2020-08-29,12805.0,
2020-08-30,7871.0,
2020-08-31,3065.0,
2020-09-01,957.0,
2020-09-02,3399.0,
2020-09-03,8560.0,
2020-09-04,9804.0,
2020-09-05,12549.0,
2020-09-06,3524.0,
2020-09-07,15321.0,
2020-09-08,1239.0,
2020-09-09,864.0,
2020-09-10,1187.0,
2020-09-11,1068.0,
2020-09-12,8412.0,
2020-09-13,5818.0,
2020-09-14,664.0,
2020-09-15,968.0,
2020-09-16,1327.0,
2020-09-17,599.0,
2020-09-18,793.0,
2020-09-19,12780.0,
2020-09-20,3482.0,
2020-09-21,832.0,
2020-09-22,1313.0,
2020-09-23,1151.0,
2020-09-24,1525.0,
2020-09-25,921.0,
2020-09-26,3147.0,
2020-09-27,5384.0,
2020-09-28,6200.0,
2020-09-29,907.0,
2020-09-30,813.0,
2020-10-01,657.0,
2020-10-02,658.0,
2020-10-03,4867.0,
2020-10-04,1958.0,
2020-10-05,1001.0,
2020-10-06,1683.0,
2020-10-07,1060.0,
2020-10-08,10328.0,
2020-10-09,4866.0,
2020-10-10,25195.0,
2020-10-11,5120.0,
2020-10-12,2224.0,
2020-10-13,737.0,
2020-10-14,790.0,
2020-10-15,437.0,
2020-10-16,779.0,
2020-10-17,6674.0,
2020-10-18,5123.0,
2020-10-19,1202.0,
2020-10-20,321.0,
2020-10-21,824.0,
2020-10-22,262.0,
2020-10-23,795.0,
2020-10-24,15166.0,
2020-10-25,4605.0,
2020-10-26,1456.0,
2020-10-27,1609.0,
2020-10-28,551.0,
2020-10-29,608.0,
2020-10-30,714.0,
2020-10-31,502.0,
2020-11-01,4461.0,
2020-11-02,417.0,
2020-11-03,748.0,
2020-11-04,763.0,
2020-11-05,507.0,
2020-11-06,749.0,
2020-11-07,14810.0,
2020-11-08,3918.0,
2020-11-09,163.0,
2020-11-10,1032.0,
2020-11-11,603.0,
2020-11-12,1032.0,
2020-11-13,854.0,
2020-11-14,7197.0,
2020-11-15,5047.0,
2020-11-16,0.0,
2020-11-17,951.0,
2020-11-18,577.0,
2020-11-19,1026.0,
2020-11-20,964.0,
2020-11-21,4777.0,
2020-11-22,1571.0,
2020-11-23,629.0,
2020-11-24,4334.0,
2020-11-25,5577.0,
2020-11-26,5131.0,
2020-11-27,8603.0,
2020-11-28,5616.0,
2020-11-29,6838.0,
2020-11-30,564.0,
2020-12-01,558.0,
2020-12-02,543.0,
2020-12-03,587.0,
2020-12-04,487.0,
2020-12-05,0.0,
2020-12-06,4305.0,
2020-12-07,6845.0,
2020-12-08,1472.0,
2020-12-09,752.0,
2020-12-10,525.0,
2020-12-11,1147.0,
2020-12-12,906.0,
2020-12-13,15.0,
2020-12-14,1052.0,
2020-12-15,1341.0,
2020-12-16,592.0,
2020-12-17,5276.0,
2020-12-18,527.0,
2020-12-19,748.0,
2020-12-20,2084.0,
2020-12-21,1000.0,
2020-12-22,0.0,
2020-12-23,553.0,
2020-12-24,9289.0,
2020-12-25,0.0,
2020-12-26,0.0,
2020-12-27,0.0,
2020-12-28,0.0,
2020-12-29,0.0,
2020-12-30,0.0,
2020-12-31,2821.0,
2021-01-01,1542.0,
2021-01-02,1152.0,
2021-01-03,7371.0,
2021-01-04,305.0,
2021-01-05,5363.0,
2021-01-06,240.0,
2021-01-07,309.0,
2021-01-08,2332.0,
2021-01-09,111.0,
2021-01-10,4.0,
2021-01-11,739.0,
2021-01-12,1923.0,
2021-01-13,2046.0,
2021-01-14,4622.0,
2021-01-15,250.0,
2021-01-16,12955.0,
2021-01-17,5916.0,
2021-01-18,15014.0,
2021-01-19,575.0,
2021-01-20,599.0,
2021-01-21,684.0,
2021-01-22,410.0,
2021-01-23,687.0,
2021-01-24,4075.0,
2021-01-25,408.0,
2021-01-26,5740.0,
2021-01-27,1077.0,
2021-01-28,639.0,
2021-01-29,242.0,
2021-01-30,1533.0,
2021-01-31,3486.0,
2021-02-01,312.0,
2021-02-02,0.0,
2021-02-03,316.0,
2021-02-04,536.0,
2021-02-05,883.0,
2021-02-06,3526.0,
2021-02-07,6685.0,
2021-02-08,34.0,
2021-02-09,0.0,
2021-02-10,21.0,
2021-02-11,6211.0,
2021-02-12,172.0,
2021-02-13,5197.0,
2021-02-14,6380.0,
2021-02-15,3314.0,
2021-02-16,677.0,
2021-02-17,1580.0,
2021-02-18,960.0,
2021-02-19,623.0,
2021-02-20,628.0,
2021-02-21,3706.0,
2021-02-22,927.0,
2021-02-23,52.0,
2021-02-24,5889.0,
2021-02-25,658.0,
2021-02-26,694.0,
2021-02-27,6592.0,
2021-02-28,2944.0,
2021-03-01,74.0,
2021-03-02,5730.0,
2021-03-03,9.0,
2021-03-04,428.0,
2021-03-05,0.0,
2021-03-06,4515.0,
2021-03-07,5385.0,
2021-03-08,6131.0,
2021-03-09,1182.0,
2021-03-10,0.0,
2021-03-11,2053.0,
2021-03-12,223.0,
2021-03-13,725.0,
2021-03-14,3048.0,
2021-03-15,5432.0,
2021-03-16,1265.0,
2021-03-17,0.0,
2021-03-18,3107.0,
2021-03-19,2479.0,
2021-03-20,8415.0,
2021-03-21,2462.0,
2021-03-22,4386.0,
2021-03-23,5530.0,
2021-03-24,112.0,
2021-03-25,473.0,
2021-03-26,3984.0,
2021-03-27,1843.0,
2021-03-28,5516.0,
2021-03-29,1104.0,
2021-03-30,7726.0,
2021-03-31,995.0,
2021-04-01,1248.0,
2021-04-02,306.0,
2021-04-03,1265.0,
2021-04-04,6702.0,
2021-04-05,2388.0,
2021-04-06,0.0,
2021-04-07,2354.0,
2021-04-08,523.0,
2021-04-09,133.0,
2021-04-10,6332.0,
2021-04-11,6388.0,
2021-04-12,6138.0,
2021-04-13,6879.0,
2021-04-14,9057.0,
2021-04-15,2550.0,
2021-04-16,4007.0,
2021-04-17,11358.0,
2021-04-18,13271.0,
2021-04-19,1049.0,
2021-04-20,848.0,
2021-04-21,614.0,
2021-04-22,201.0,
2021-04-23,5385.0,
2021-04-24,4954.0,
2021-04-25,6868.0,
2021-04-26,0.0,
2021-04-27,4908.0,
2021-04-28,6793.0,
2021-04-29,334.0,
2021-04-30,0.0,
2021-05-01,344.0,
2021-05-02,2468.0,
2021-05-03,652.0,
2021-05-04,16.0,
2021-05-05,3656.0,
2021-05-06,579.0,
2021-05-07,0.0,
2021-05-08,3509.0,
2021-05-09,13822.0,
2021-05-10,2035.0,
2021-05-11,0.0,
2021-05-12,0.0,
2021-05-13,217.0,
2021-05-14,242.0,
2021-05-15,13677.0,
2021-05-16,10930.0,
2021-05-17,0.0,
2021-05-18,0.0,
2021-05-19,92.0,
2021-05-20,5102.0,
2021-05-21,0.0,
2021-05-22,7594.0,
2021-05-23,4622.0,
2021-05-24,162.0,
2021-05-25,0.0,
2021-05-26,0.0,
2021-05-27,475.0,
2021-05-28,1443.0,
2021-05-29,13277.0,
2021-05-30,2726.0,
2021-05-31,13322.0,
2021-06-01,154.0,
2021-06-02,605.0,
2021-06-03,406.0,
2021-06-04,572.0,
2021-06-05,4983.0,
2021-06-06,4594.0,
2021-06-07,51.0,
2021-06-08,1156.0,
2021-06-09,1114.0,
2021-06-10,2829.0,
2021-06-11,7624.0,
2021-06-12,17289.0,
2021-06-13,17951.0,
2021-06-14,2171.0,
2021-06-15,624.0,
2021-06-16,350.0,
2021-06-17,3897.0,
2021-06-18,2730.0,
2021-06-19,7596.0,
2021-06-20,13802.0,
2021-06-21,0.0,
2021-06-22,0.0,
2021-06-23,0.0,
2021-06-24,704.0,
2021-06-25,2073.0,
2021-06-26,8398.0,
2021-06-27,3966.0,
2021-06-28,150.0,
2021-06-29,552.0,
2021-06-30,746.0,
2021-07-01,5352.0,
2021-07-02,19798.0,
2021-07-03,14603.0,
2021-07-04,21274.0,
2021-07-05,8302.0,
2021-07-06,3512.0,
2021-07-07,4028.0,
2021-07-08,737.0,
2021-07-09,1339.0,
2021-07-10,15975.0,
2021-07-11,6950.0,
2021-07-12,3309.0,
2021-07-13,4791.0,
2021-07-14,3510.0,
2021-07-15,1527.0,
2021-07-16,10861.0,
2021-07-17,3280.0,
2021-07-18,2163.0,
2021-07-19,3893.0,
2021-07-20,1982.0,
2021-07-21,271.0,
2021-07-22,494.0,
2021-07-23,5893.0,
2021-07-24,10232.0,
2021-07-25,2905.0,
2021-07-26,653.0,
2021-07-27,9761.0,
2021-07-28,4818.0,
2021-07-29,216.0,
2021-07-30,4132.0,
2021-07-31,1314.0,
2021-08-01,8261.0,
2021-08-02,12370.0,
2021-08-03,7224.0,
2021-08-04,410.0,
2021-08-05,10782.0,
2021-08-06,6312.0,
2021-08-07,12718.0,
2021-08-08,9000.0,
2021-08-09,5379.0,
2021-08-10,2743.0,
2021-08-11,5465.0,
2021-08-12,8805.0,
2021-08-13,8461.0,
2021-08-14,3461.0,
2021-08-15,929.0,
2021-08-16,4942.0,
2021-08-17,8718.0,
2021-08-18,1348.0,
2021-08-19,594.0,
2021-08-20,2080.0,
2021-08-21,8754.0,
2021-08-22,441.0,
2021-08-23,160.0,
2021-08-24,754.0,
2021-08-25,5636.0,
2021-08-26,2805.0,
2021-08-27,7939.0,
2021-08-28,3504.0,
2021-08-29,11748.0,
2021-08-30,6724.0,
2021-08-31,7211.0,
2021-09-01,430.0,
2021-09-02,2205.0,
2021-09-03,4513.0,
2021-09-04,13916.0,
2021-09-05,18984.0,
2021-09-06,2495.0,
2021-09-07,3313.0,
2021-09-08,7112.0,
2021-09-09,7232.0,
2021-09-10,23689.0,
2021-09-11,30000.0,
2021-09-12,19172.0,
2021-09-13,14504.0,
2021-09-14,1321.0,
